sample_id,user_id,label,created_at
20260703_231939_jmltkn,user1,অ,2026-07-03T17:19:39.900Z
20260704_230134_0i7e7o,user1,অ,2026-07-04T17:01:34.908Z
20260704_230207_s0bru0,user1,অ,2026-07-04T17:02:07.349Z
20260704_230243_20ggrl,user1,অ,2026-07-04T17:02:43.933Z
20260704_230314_biogka,user1,অ,2026-07-04T17:03:14.419Z
20260704_230343_z76un4,user1,অ,2026-07-04T17:03:43.455Z
20260704_230438_1by20a,user1,অ,2026-07-04T17:04:38.004Z
20260704_230508_zz8agk,user1,অ,2026-07-04T17:05:08.436Z
20260704_230530_8783vw,user1,অ,2026-07-04T17:05:30.652Z
20260704_230601_9fuwl5,user1,অ,2026-07-04T17:06:01.169Z
20260704_230631_iep9zz,user1,অ,2026-07-04T17:06:31.754Z
20260709_222041_giojuy,user1,অ,2026-07-09T16:20:41.439Z
20260704_230720_4nlmlz,user1,আ,2026-07-04T17:07:20.785Z
20260704_230748_cofjqd,user1,আ,2026-07-04T17:07:48.960Z
20260704_230823_p4djtm,user1,আ,2026-07-04T17:08:23.458Z
20260704_230900_jm6b9y,user1,আ,2026-07-04T17:09:00.548Z
20260704_230941_ogdcp4,user1,আ,2026-07-04T17:09:41.134Z
20260704_231010_4ha6y7,user1,আ,2026-07-04T17:10:10.093Z
20260728_232136_0wkg0v,user1,আ,2026-07-28T17:21:36.892Z
20260728_232203_7c77zv,user1,আ,2026-07-28T17:22:03.534Z
20260728_232238_kgwkds,user1,আ,2026-07-28T17:22:38.909Z
20260728_232316_s2ep8l,user1,আ,2026-07-28T17:23:16.011Z
20260705_210750_hp0ub6,user1,ই,2026-07-05T15:07:50.100Z
20260705_210817_cpe63z,user1,ই,2026-07-05T15:08:17.145Z
20260705_210847_8d63gb,user1,ই,2026-07-05T15:08:47.954Z
20260705_210914_6z0wyv,user1,ই,2026-07-05T15:09:14.890Z
20260705_211104_cee4mp,user1,ই,2026-07-05T15:11:04.637Z
20260705_211129_q9xd7j,user1,ই,2026-07-05T15:11:29.635Z
20260705_211202_fwdefr,user1,ই,2026-07-05T15:12:02.571Z
20260705_211229_nco6f5,user1,ই,2026-07-05T15:12:29.901Z
20260705_211257_5zxk15,user1,ই,2026-07-05T15:12:57.301Z
20260705_211324_69n6hy,user1,ই,2026-07-05T15:13:24.464Z
20260705_213721_6edrqn,user1,ঈ,2026-07-05T15:37:21.634Z
20260705_213804_scynf9,user1,ঈ,2026-07-05T15:38:04.513Z
20260705_213852_tuebtl,user1,ঈ,2026-07-05T15:38:52.607Z
20260705_213943_7qqvt7,user1,ঈ,2026-07-05T15:39:43.527Z
20260705_214029_z7ddbl,user1,ঈ,2026-07-05T15:40:29.331Z
20260705_214107_b894ld,user1,ঈ,2026-07-05T15:41:07.880Z
20260705_215457_yruoxw,user1,ঈ,2026-07-05T15:54:57.909Z
20260705_215539_dr61qv,user1,ঈ,2026-07-05T15:55:39.424Z
20260705_215654_07cd7w,user1,ঈ,2026-07-05T15:56:54.824Z
20260705_215745_i5n9h7,user1,ঈ,2026-07-05T15:57:45.837Z
20260704_232121_lcxi4y,user2,অ,2026-07-04T17:21:21.362Z
20260704_232412_nr23lb,user2,অ,2026-07-04T17:24:12.923Z
20260705_165947_rrdvxz,user2,অ,2026-07-05T10:59:47.885Z
20260705_170029_180ejw,user2,অ,2026-07-05T11:00:29.756Z
20260705_170128_b1n6nu,user2,অ,2026-07-05T11:01:28.223Z
20260705_170207_eb9cjm,user2,অ,2026-07-05T11:02:07.114Z
20260705_170248_sf7fcw,user2,অ,2026-07-05T11:02:48.473Z
20260728_232630_znnts0,user2,অ,2026-07-28T17:26:30.994Z
20260728_232652_hdsmyh,user2,অ,2026-07-28T17:26:52.983Z
20260728_232714_hincfq,user2,অ,2026-07-28T17:27:14.986Z
20260728_232741_j1gvgu,user2,অ,2026-07-28T17:27:41.808Z
20260704_232148_mqf5ea,user2,আ,2026-07-04T17:21:48.080Z
20260705_170410_psx32h,user2,আ,2026-07-05T11:04:10.098Z
20260705_170459_x9acwr,user2,আ,2026-07-05T11:04:59.461Z
20260705_170542_0shybi,user2,আ,2026-07-05T11:05:42.117Z
20260705_170622_0o9xio,user2,আ,2026-07-05T11:06:22.858Z
20260705_170735_cbvyrc,user2,আ,2026-07-05T11:07:35.746Z
20260728_232436_9i4gi8,user2,আ,2026-07-28T17:24:36.846Z
20260728_232459_m6l3cf,user2,আ,2026-07-28T17:24:59.419Z
20260728_232520_l4uaan,user2,আ,2026-07-28T17:25:20.068Z
20260728_232556_dwfz7c,user2,আ,2026-07-28T17:25:56.282Z
20260704_232218_jf6rio,user2,ই,2026-07-04T17:22:18.145Z
20260705_170839_hkwvju,user2,ই,2026-07-05T11:08:39.636Z
20260705_170951_aziiah,user2,ই,2026-07-05T11:09:51.265Z
20260705_171029_5ftejq,user2,ই,2026-07-05T11:10:29.557Z
20260705_171118_evwpn3,user2,ই,2026-07-05T11:11:18.861Z
20260705_171155_wvydfy,user2,ই,2026-07-05T11:11:55.722Z
20260728_232810_781yo6,user2,ই,2026-07-28T17:28:10.461Z
20260728_232836_pvgrxn,user2,ই,2026-07-28T17:28:36.067Z
20260728_233118_pcjncu,user2,ই,2026-07-28T17:31:18.504Z
20260728_233205_n417cm,user2,ই,2026-07-28T17:32:05.957Z
20260704_232243_1fsapx,user2,ঈ,2026-07-04T17:22:43.813Z
20260705_171259_dluym7,user2,ঈ,2026-07-05T11:12:59.415Z
20260705_171351_vkunfn,user2,ঈ,2026-07-05T11:13:51.872Z
20260705_171438_jgev7f,user2,ঈ,2026-07-05T11:14:38.670Z
20260705_171525_i5t1b0,user2,ঈ,2026-07-05T11:15:25.978Z
20260705_171647_x9r778,user2,ঈ,2026-07-05T11:16:47.666Z
20260725_213216_j99456,user2,ঈ,2026-07-25T15:32:16.273Z
20260728_233238_q39ioy,user2,ঈ,2026-07-28T17:32:38.672Z
20260728_233302_e8k0ge,user2,ঈ,2026-07-28T17:33:02.980Z
20260728_233333_nvf18a,user2,ঈ,2026-07-28T17:33:33.051Z
20260728_233359_9wg8n4,user2,ঈ,2026-07-28T17:33:59.720Z
20260711_200812_18txgi,user3,অ,2026-07-11T14:08:12.108Z
20260711_200917_z1na4w,user3,অ,2026-07-11T14:09:17.809Z
20260711_200954_0muns4,user3,অ,2026-07-11T14:09:54.248Z
20260711_201110_jw6cqh,user3,অ,2026-07-11T14:11:10.932Z
20260711_201208_6ylgz1,user3,অ,2026-07-11T14:12:08.535Z
20260711_201526_9elfv0,user3,অ,2026-07-11T14:15:26.348Z
20260711_201609_iv7642,user3,অ,2026-07-11T14:16:09.284Z
20260711_201811_0znu6g,user3,অ,2026-07-11T14:18:11.166Z
20260711_201916_nc9ara,user3,অ,2026-07-11T14:19:16.889Z
20260711_201953_sai9ew,user3,অ,2026-07-11T14:19:53.452Z
20260711_202025_bntr0i,user3,অ,2026-07-11T14:20:25.830Z
20260711_202714_mwa7m1,user3,অ,2026-07-11T14:27:14.175Z
20260711_202846_kmy51g,user3,অ,2026-07-11T14:28:46.080Z
20260711_203013_i4o0om,user3,অ,2026-07-11T14:30:13.619Z
20260711_203112_15gnzj,user3,অ,2026-07-11T14:31:12.769Z
20260711_205524_jbk5pv,user3,আ,2026-07-11T14:55:24.081Z
20260711_205559_azslan,user3,আ,2026-07-11T14:55:59.310Z
20260711_205630_gydvnp,user3,আ,2026-07-11T14:56:30.248Z
20260711_205707_n57400,user3,আ,2026-07-11T14:57:07.290Z
20260711_205748_usnulf,user3,আ,2026-07-11T14:57:48.897Z
20260711_211455_ab7vb3,user4,অ,2026-07-11T15:14:55.509Z
20260711_214733_y28o8p,user4,অ,2026-07-11T15:47:33.695Z
20260711_214747_h8ad4n,user4,অ,2026-07-11T15:47:47.213Z
20260711_214802_iotb3d,user4,অ,2026-07-11T15:48:02.538Z
20260711_214818_1kqyjw,user4,অ,2026-07-11T15:48:18.989Z
20260711_214838_nmfk2j,user4,অ,2026-07-11T15:48:38.039Z
20260711_214856_wh1jdl,user4,অ,2026-07-11T15:48:56.618Z
20260711_214912_5jyzoq,user4,অ,2026-07-11T15:49:12.892Z
20260711_215025_9ahjj1,user4,অ,2026-07-11T15:50:25.341Z
20260711_215040_totmvz,user4,অ,2026-07-11T15:50:40.861Z
20260711_215057_m3q3bw,user4,অ,2026-07-11T15:50:57.781Z
20260711_215120_wa3iw4,user4,অ,2026-07-11T15:51:20.891Z
20260711_215140_jzmdn9,user4,অ,2026-07-11T15:51:40.201Z
20260711_215153_8dj6mi,user4,অ,2026-07-11T15:51:53.722Z
20260711_215210_14cuph,user4,অ,2026-07-11T15:52:10.848Z
20260711_215224_s1nefb,user4,অ,2026-07-11T15:52:24.742Z
20260711_211553_8q738s,user4,আ,2026-07-11T15:15:53.117Z
20260711_215326_rdw0i7,user4,আ,2026-07-11T15:53:26.454Z
20260711_215355_gtir0d,user4,আ,2026-07-11T15:53:55.047Z
20260711_215413_4z3pac,user4,আ,2026-07-11T15:54:13.989Z
20260711_215505_noe4fp,user4,আ,2026-07-11T15:55:05.229Z
20260711_215527_oaoi6c,user4,আ,2026-07-11T15:55:27.756Z
20260711_215554_41w3p4,user4,আ,2026-07-11T15:55:54.029Z
20260711_215623_q6sua3,user4,আ,2026-07-11T15:56:23.203Z
20260711_215646_y25z4x,user4,আ,2026-07-11T15:56:46.439Z
20260711_215701_i0we24,user4,আ,2026-07-11T15:57:01.697Z
20260711_215719_fym8k2,user4,আ,2026-07-11T15:57:19.563Z
20260711_215732_e3wli4,user4,আ,2026-07-11T15:57:32.879Z
20260711_215746_pw5glc,user4,আ,2026-07-11T15:57:46.710Z
20260711_215803_gtb1nz,user4,আ,2026-07-11T15:58:03.072Z
20260711_215826_09me7o,user4,আ,2026-07-11T15:58:26.604Z
20260711_215850_2a6qfe,user4,আ,2026-07-11T15:58:50.585Z
20260711_211613_pni7yl,user4,ই,2026-07-11T15:16:13.617Z
20260711_211631_omhqof,user4,ই,2026-07-11T15:16:31.202Z
20260711_215916_5xq3ym,user4,ই,2026-07-11T15:59:16.067Z
20260711_215928_ckxbi5,user4,ই,2026-07-11T15:59:28.475Z
20260711_215945_ovgs11,user4,ই,2026-07-11T15:59:45.425Z
20260711_215959_axw0jl,user4,ই,2026-07-11T15:59:59.543Z
20260711_220013_x16qxh,user4,ই,2026-07-11T16:00:13.923Z
20260711_220027_1j40u6,user4,ই,2026-07-11T16:00:27.650Z
20260711_220043_yyhe4o,user4,ই,2026-07-11T16:00:43.271Z
20260711_220058_6cy90j,user4,ই,2026-07-11T16:00:58.080Z
20260711_220112_94lc88,user4,ই,2026-07-11T16:01:12.998Z
20260711_220132_3b6d70,user4,ই,2026-07-11T16:01:32.328Z
20260711_220151_kjuuzh,user4,ই,2026-07-11T16:01:51.689Z
20260711_220205_cr3boy,user4,ই,2026-07-11T16:02:05.156Z
20260711_220217_85rgxu,user4,ই,2026-07-11T16:02:17.888Z
20260711_220235_4uai7u,user4,ই,2026-07-11T16:02:35.471Z
20260711_220308_e7l7wm,user4,ই,2026-07-11T16:03:08.513Z
20260711_220404_itceug,user4,ঈ,2026-07-11T16:04:04.111Z
20260711_220444_r35mfs,user4,ঈ,2026-07-11T16:04:44.146Z
20260711_220519_ila5ji,user4,ঈ,2026-07-11T16:05:19.321Z
20260711_220543_7o5bd0,user4,ঈ,2026-07-11T16:05:43.470Z
20260711_220606_essesa,user4,ঈ,2026-07-11T16:06:06.936Z
20260711_220641_ufswp1,user4,ঈ,2026-07-11T16:06:41.236Z
20260711_220701_y1rftt,user4,ঈ,2026-07-11T16:07:01.071Z
20260711_220721_h9k2mi,user4,ঈ,2026-07-11T16:07:21.353Z
20260711_220738_j2qzn6,user4,ঈ,2026-07-11T16:07:38.461Z
20260711_220751_axw80l,user4,ঈ,2026-07-11T16:07:51.851Z
20260711_220807_mldxj2,user4,ঈ,2026-07-11T16:08:07.321Z
20260711_220822_wgaxvc,user4,ঈ,2026-07-11T16:08:22.237Z
20260711_220837_dby4gx,user4,ঈ,2026-07-11T16:08:37.425Z
20260711_220850_xo5kch,user4,ঈ,2026-07-11T16:08:50.437Z
20260711_220906_ehc737,user4,ঈ,2026-07-11T16:09:06.720Z
20260711_212007_ir5oy0,user5,অ,2026-07-11T15:20:07.536Z
20260711_212041_5epna1,user5,আ,2026-07-11T15:20:41.282Z
20260711_212113_u1rqpt,user5,ই,2026-07-11T15:21:13.672Z
20260711_212139_uwdx5l,user5,ঈ,2026-07-11T15:21:39.223Z
