sample_id,user_id,label,json_path,image_path,video_path,device,created_at,raw_points,clean_points,dropped_invalid,dropped_repeated,dropped_jumps,num_strokes,bbox_width,bbox_height,bbox_scale,test_fold_id,warnings
20260711_220930_a944cy,for_bonhi,ঔ,output/for_bonhi/ঔ/ঔ_20260711_220930_a944cy.json,output/for_bonhi/ঔ/ঔ_20260711_220930_a944cy.png,output/for_bonhi/ঔ/ঔ_20260711_220930_a944cy.mp4,macOS Chrome desktop,2026-07-11T16:09:30.070Z,601,601,0,0,0,8,0.456002,0.897709,0.897709,0,
20260703_231939_jmltkn,user1,অ,output/user1/অ/অ_20260703_231939_jmltkn.json,output/user1/অ/অ_20260703_231939_jmltkn.png,output/user1/অ/অ_20260703_231939_jmltkn.mp4,Linux Chrome desktop,2026-07-03T17:19:39.900Z,102,102,0,0,0,1,0.386784,0.250768,0.386784,1,
20260704_230134_0i7e7o,user1,অ,output/user1/অ/অ_20260704_230134_0i7e7o.json,output/user1/অ/অ_20260704_230134_0i7e7o.png,output/user1/অ/অ_20260704_230134_0i7e7o.mp4,Linux Chrome desktop,2026-07-04T17:01:34.908Z,143,143,0,0,0,2,0.339613,0.263061,0.339613,1,
20260704_230207_s0bru0,user1,অ,output/user1/অ/অ_20260704_230207_s0bru0.json,output/user1/অ/অ_20260704_230207_s0bru0.png,output/user1/অ/অ_20260704_230207_s0bru0.mp4,Linux Chrome desktop,2026-07-04T17:02:07.349Z,131,131,0,0,0,4,0.370459,0.231689,0.370459,1,
20260704_230243_20ggrl,user1,অ,output/user1/অ/অ_20260704_230243_20ggrl.json,output/user1/অ/অ_20260704_230243_20ggrl.png,output/user1/অ/অ_20260704_230243_20ggrl.mp4,Linux Chrome desktop,2026-07-04T17:02:43.933Z,218,218,0,0,0,5,0.388034,0.276591,0.388034,1,
20260704_230314_biogka,user1,অ,output/user1/অ/অ_20260704_230314_biogka.json,output/user1/অ/অ_20260704_230314_biogka.png,output/user1/অ/অ_20260704_230314_biogka.mp4,Linux Chrome desktop,2026-07-04T17:03:14.419Z,169,169,0,0,0,3,0.40148,0.491091,0.491091,1,
20260704_230343_z76un4,user1,অ,output/user1/অ/অ_20260704_230343_z76un4.json,output/user1/অ/অ_20260704_230343_z76un4.png,output/user1/অ/অ_20260704_230343_z76un4.mp4,Linux Chrome desktop,2026-07-04T17:03:43.455Z,219,219,0,0,0,4,0.453705,0.403296,0.453705,1,
20260704_230438_1by20a,user1,অ,output/user1/অ/অ_20260704_230438_1by20a.json,output/user1/অ/অ_20260704_230438_1by20a.png,output/user1/অ/অ_20260704_230438_1by20a.mp4,Linux Chrome desktop,2026-07-04T17:04:38.004Z,173,173,0,0,0,4,0.38943,0.38764,0.38943,1,
20260704_230508_zz8agk,user1,অ,output/user1/অ/অ_20260704_230508_zz8agk.json,output/user1/অ/অ_20260704_230508_zz8agk.png,output/user1/অ/অ_20260704_230508_zz8agk.mp4,Linux Chrome desktop,2026-07-04T17:05:08.436Z,206,206,0,0,0,6,0.519429,0.457348,0.519429,1,
20260704_230530_8783vw,user1,অ,output/user1/অ/অ_20260704_230530_8783vw.json,output/user1/অ/অ_20260704_230530_8783vw.png,output/user1/অ/অ_20260704_230530_8783vw.mp4,Linux Chrome desktop,2026-07-04T17:05:30.652Z,167,167,0,0,0,3,0.396899,0.312728,0.396899,1,
20260704_230601_9fuwl5,user1,অ,output/user1/অ/অ_20260704_230601_9fuwl5.json,output/user1/অ/অ_20260704_230601_9fuwl5.png,output/user1/অ/অ_20260704_230601_9fuwl5.mp4,Linux Chrome desktop,2026-07-04T17:06:01.169Z,183,183,0,0,0,2,0.419809,0.364738,0.419809,1,
20260704_230631_iep9zz,user1,অ,output/user1/অ/অ_20260704_230631_iep9zz.json,output/user1/অ/অ_20260704_230631_iep9zz.png,output/user1/অ/অ_20260704_230631_iep9zz.mp4,Linux Chrome desktop,2026-07-04T17:06:31.754Z,186,186,0,0,0,2,0.424746,0.322832,0.424746,1,
20260709_222041_giojuy,user1,অ,output/user1/অ/অ_20260709_222041_giojuy.json,output/user1/অ/অ_20260709_222041_giojuy.png,output/user1/অ/অ_20260709_222041_giojuy.mp4,Linux Chrome desktop,2026-07-09T16:20:41.439Z,163,163,0,0,0,8,0.610534,0.520576,0.610534,1,
20260704_230720_4nlmlz,user1,আ,output/user1/আ/আ_20260704_230720_4nlmlz.json,output/user1/আ/আ_20260704_230720_4nlmlz.png,output/user1/আ/আ_20260704_230720_4nlmlz.mp4,Linux Chrome desktop,2026-07-04T17:07:20.785Z,223,223,0,0,0,5,0.486529,0.420184,0.486529,1,
20260704_230748_cofjqd,user1,আ,output/user1/আ/আ_20260704_230748_cofjqd.json,output/user1/আ/আ_20260704_230748_cofjqd.png,output/user1/আ/আ_20260704_230748_cofjqd.mp4,Linux Chrome desktop,2026-07-04T17:07:48.960Z,197,197,0,0,0,2,0.445326,0.235282,0.445326,1,
20260704_230823_p4djtm,user1,আ,output/user1/আ/আ_20260704_230823_p4djtm.json,output/user1/আ/আ_20260704_230823_p4djtm.png,output/user1/আ/আ_20260704_230823_p4djtm.mp4,Linux Chrome desktop,2026-07-04T17:08:23.458Z,264,264,0,0,0,4,0.576355,0.379358,0.576355,1,
20260704_230900_jm6b9y,user1,আ,output/user1/আ/আ_20260704_230900_jm6b9y.json,output/user1/আ/আ_20260704_230900_jm6b9y.png,output/user1/আ/আ_20260704_230900_jm6b9y.mp4,Linux Chrome desktop,2026-07-04T17:09:00.548Z,299,299,0,0,0,4,0.676437,0.479855,0.676437,1,
20260704_230941_ogdcp4,user1,আ,output/user1/আ/আ_20260704_230941_ogdcp4.json,output/user1/আ/আ_20260704_230941_ogdcp4.png,output/user1/আ/আ_20260704_230941_ogdcp4.mp4,Linux Chrome desktop,2026-07-04T17:09:41.134Z,277,277,0,0,0,3,0.787813,0.459442,0.787813,1,
20260704_231010_4ha6y7,user1,আ,output/user1/আ/আ_20260704_231010_4ha6y7.json,output/user1/আ/আ_20260704_231010_4ha6y7.png,output/user1/আ/আ_20260704_231010_4ha6y7.mp4,Linux Chrome desktop,2026-07-04T17:10:10.093Z,266,266,0,0,0,3,0.685205,0.42998,0.685205,1,
20260728_232136_0wkg0v,user1,আ,output/user1/আ/আ_20260728_232136_0wkg0v.json,output/user1/আ/আ_20260728_232136_0wkg0v.png,output/user1/আ/আ_20260728_232136_0wkg0v.mp4,Linux Chrome desktop,2026-07-28T17:21:36.892Z,215,215,0,0,0,3,0.530184,0.378483,0.530184,1,
20260728_232203_7c77zv,user1,আ,output/user1/আ/আ_20260728_232203_7c77zv.json,output/user1/আ/আ_20260728_232203_7c77zv.png,output/user1/আ/আ_20260728_232203_7c77zv.mp4,Linux Chrome desktop,2026-07-28T17:22:03.534Z,236,236,0,0,0,9,0.618815,0.32818,0.618815,1,
20260728_232238_kgwkds,user1,আ,output/user1/আ/আ_20260728_232238_kgwkds.json,output/user1/আ/আ_20260728_232238_kgwkds.png,output/user1/আ/আ_20260728_232238_kgwkds.mp4,Linux Chrome desktop,2026-07-28T17:22:38.909Z,334,334,0,0,0,9,0.609111,0.460931,0.609111,1,
20260728_232316_s2ep8l,user1,আ,output/user1/আ/আ_20260728_232316_s2ep8l.json,output/user1/আ/আ_20260728_232316_s2ep8l.png,output/user1/আ/আ_20260728_232316_s2ep8l.mp4,Linux Chrome desktop,2026-07-28T17:23:16.011Z,281,281,0,0,0,5,0.470243,0.432034,0.470243,1,
20260705_210750_hp0ub6,user1,ই,output/user1/ই/ই_20260705_210750_hp0ub6.json,output/user1/ই/ই_20260705_210750_hp0ub6.png,output/user1/ই/ই_20260705_210750_hp0ub6.mp4,Linux Chrome desktop,2026-07-05T15:07:50.100Z,189,189,0,0,0,6,0.571801,0.678908,0.678908,1,
20260705_210817_cpe63z,user1,ই,output/user1/ই/ই_20260705_210817_cpe63z.json,output/user1/ই/ই_20260705_210817_cpe63z.png,output/user1/ই/ই_20260705_210817_cpe63z.mp4,Linux Chrome desktop,2026-07-05T15:08:17.145Z,245,245,0,0,0,8,0.416899,0.469968,0.469968,1,
20260705_210847_8d63gb,user1,ই,output/user1/ই/ই_20260705_210847_8d63gb.json,output/user1/ই/ই_20260705_210847_8d63gb.png,output/user1/ই/ই_20260705_210847_8d63gb.mp4,Linux Chrome desktop,2026-07-05T15:08:47.954Z,230,230,0,0,0,5,0.511888,0.527078,0.527078,1,
20260705_210914_6z0wyv,user1,ই,output/user1/ই/ই_20260705_210914_6z0wyv.json,output/user1/ই/ই_20260705_210914_6z0wyv.png,output/user1/ই/ই_20260705_210914_6z0wyv.mp4,Linux Chrome desktop,2026-07-05T15:09:14.890Z,171,171,0,0,0,2,0.43368,0.553823,0.553823,1,
20260705_211104_cee4mp,user1,ই,output/user1/ই/ই_20260705_211104_cee4mp.json,output/user1/ই/ই_20260705_211104_cee4mp.png,output/user1/ই/ই_20260705_211104_cee4mp.mp4,Linux Chrome desktop,2026-07-05T15:11:04.637Z,222,222,0,0,0,6,0.363844,0.543858,0.543858,1,
20260705_211129_q9xd7j,user1,ই,output/user1/ই/ই_20260705_211129_q9xd7j.json,output/user1/ই/ই_20260705_211129_q9xd7j.png,output/user1/ই/ই_20260705_211129_q9xd7j.mp4,Linux Chrome desktop,2026-07-05T15:11:29.635Z,158,158,0,0,0,5,0.435707,0.520354,0.520354,1,
20260705_211202_fwdefr,user1,ই,output/user1/ই/ই_20260705_211202_fwdefr.json,output/user1/ই/ই_20260705_211202_fwdefr.png,output/user1/ই/ই_20260705_211202_fwdefr.mp4,Linux Chrome desktop,2026-07-05T15:12:02.571Z,238,238,0,0,0,3,0.502905,0.564916,0.564916,1,
20260705_211229_nco6f5,user1,ই,output/user1/ই/ই_20260705_211229_nco6f5.json,output/user1/ই/ই_20260705_211229_nco6f5.png,output/user1/ই/ই_20260705_211229_nco6f5.mp4,Linux Chrome desktop,2026-07-05T15:12:29.901Z,192,192,0,0,0,4,0.467582,0.583867,0.583867,1,
20260705_211257_5zxk15,user1,ই,output/user1/ই/ই_20260705_211257_5zxk15.json,output/user1/ই/ই_20260705_211257_5zxk15.png,output/user1/ই/ই_20260705_211257_5zxk15.mp4,Linux Chrome desktop,2026-07-05T15:12:57.301Z,193,193,0,0,0,3,0.439204,0.469475,0.469475,1,
20260705_211324_69n6hy,user1,ই,output/user1/ই/ই_20260705_211324_69n6hy.json,output/user1/ই/ই_20260705_211324_69n6hy.png,output/user1/ই/ই_20260705_211324_69n6hy.mp4,Linux Chrome desktop,2026-07-05T15:13:24.464Z,240,240,0,0,0,10,0.528075,0.554679,0.554679,1,
20260705_213721_6edrqn,user1,ঈ,output/user1/ঈ/ঈ_20260705_213721_6edrqn.json,output/user1/ঈ/ঈ_20260705_213721_6edrqn.png,output/user1/ঈ/ঈ_20260705_213721_6edrqn.mp4,Linux Chrome desktop,2026-07-05T15:37:21.634Z,224,224,0,0,0,3,0.542404,0.499013,0.542404,1,
20260705_213804_scynf9,user1,ঈ,output/user1/ঈ/ঈ_20260705_213804_scynf9.json,output/user1/ঈ/ঈ_20260705_213804_scynf9.png,output/user1/ঈ/ঈ_20260705_213804_scynf9.mp4,Linux Chrome desktop,2026-07-05T15:38:04.513Z,215,215,0,0,0,4,0.450497,0.475943,0.475943,1,
20260705_213852_tuebtl,user1,ঈ,output/user1/ঈ/ঈ_20260705_213852_tuebtl.json,output/user1/ঈ/ঈ_20260705_213852_tuebtl.png,output/user1/ঈ/ঈ_20260705_213852_tuebtl.mp4,Linux Chrome desktop,2026-07-05T15:38:52.607Z,289,289,0,0,0,2,0.48472,0.600942,0.600942,1,
20260705_213943_7qqvt7,user1,ঈ,output/user1/ঈ/ঈ_20260705_213943_7qqvt7.json,output/user1/ঈ/ঈ_20260705_213943_7qqvt7.png,output/user1/ঈ/ঈ_20260705_213943_7qqvt7.mp4,Linux Chrome desktop,2026-07-05T15:39:43.527Z,200,200,0,0,0,1,0.401345,0.519361,0.519361,1,
20260705_214029_z7ddbl,user1,ঈ,output/user1/ঈ/ঈ_20260705_214029_z7ddbl.json,output/user1/ঈ/ঈ_20260705_214029_z7ddbl.png,output/user1/ঈ/ঈ_20260705_214029_z7ddbl.mp4,Linux Chrome desktop,2026-07-05T15:40:29.331Z,344,344,0,0,0,1,0.411996,0.504899,0.504899,1,
20260705_214107_b894ld,user1,ঈ,output/user1/ঈ/ঈ_20260705_214107_b894ld.json,output/user1/ঈ/ঈ_20260705_214107_b894ld.png,output/user1/ঈ/ঈ_20260705_214107_b894ld.mp4,Linux Chrome desktop,2026-07-05T15:41:07.880Z,238,238,0,0,0,4,0.452977,0.607122,0.607122,1,
20260705_215457_yruoxw,user1,ঈ,output/user1/ঈ/ঈ_20260705_215457_yruoxw.json,output/user1/ঈ/ঈ_20260705_215457_yruoxw.png,output/user1/ঈ/ঈ_20260705_215457_yruoxw.mp4,Linux Chrome desktop,2026-07-05T15:54:57.909Z,246,246,0,0,0,5,0.523521,0.591909,0.591909,1,
20260705_215539_dr61qv,user1,ঈ,output/user1/ঈ/ঈ_20260705_215539_dr61qv.json,output/user1/ঈ/ঈ_20260705_215539_dr61qv.png,output/user1/ঈ/ঈ_20260705_215539_dr61qv.mp4,Linux Chrome desktop,2026-07-05T15:55:39.424Z,236,236,0,0,0,5,0.474965,0.609404,0.609404,1,
20260705_215654_07cd7w,user1,ঈ,output/user1/ঈ/ঈ_20260705_215654_07cd7w.json,output/user1/ঈ/ঈ_20260705_215654_07cd7w.png,output/user1/ঈ/ঈ_20260705_215654_07cd7w.mp4,Linux Chrome desktop,2026-07-05T15:56:54.824Z,249,249,0,0,0,11,0.421475,0.580668,0.580668,1,
20260705_215745_i5n9h7,user1,ঈ,output/user1/ঈ/ঈ_20260705_215745_i5n9h7.json,output/user1/ঈ/ঈ_20260705_215745_i5n9h7.png,output/user1/ঈ/ঈ_20260705_215745_i5n9h7.mp4,Linux Chrome desktop,2026-07-05T15:57:45.837Z,322,322,0,0,0,3,0.493217,0.554714,0.554714,1,
20260704_232121_lcxi4y,user2,অ,output/user2/অ/অ_20260704_232121_lcxi4y.json,output/user2/অ/অ_20260704_232121_lcxi4y.png,output/user2/অ/অ_20260704_232121_lcxi4y.mp4,macOS Chrome desktop,2026-07-04T17:21:21.362Z,1033,1033,0,0,0,3,0.427397,0.353933,0.427397,2,
20260728_232630_znnts0,user2,অ,output/user2/অ/অ_20260728_232630_znnts0.json,output/user2/অ/অ_20260728_232630_znnts0.png,output/user2/অ/অ_20260728_232630_znnts0.mp4,Linux Chrome desktop,2026-07-28T17:26:30.994Z,187,187,0,0,0,3,0.48192,0.307194,0.48192,2,
20260728_232652_hdsmyh,user2,অ,output/user2/অ/অ_20260728_232652_hdsmyh.json,output/user2/অ/অ_20260728_232652_hdsmyh.png,output/user2/অ/অ_20260728_232652_hdsmyh.mp4,Linux Chrome desktop,2026-07-28T17:26:52.983Z,180,180,0,0,0,2,0.386843,0.340777,0.386843,2,
20260728_232714_hincfq,user2,অ,output/user2/অ/অ_20260728_232714_hincfq.json,output/user2/অ/অ_20260728_232714_hincfq.png,output/user2/অ/অ_20260728_232714_hincfq.mp4,Linux Chrome desktop,2026-07-28T17:27:14.986Z,141,141,0,0,0,2,0.406396,0.461107,0.461107,2,
20260728_232741_j1gvgu,user2,অ,output/user2/অ/অ_20260728_232741_j1gvgu.json,output/user2/অ/অ_20260728_232741_j1gvgu.png,output/user2/অ/অ_20260728_232741_j1gvgu.mp4,Linux Chrome desktop,2026-07-28T17:27:41.808Z,207,207,0,0,0,2,0.266003,0.30065,0.30065,2,
20260704_232148_mqf5ea,user2,আ,output/user2/আ/আ_20260704_232148_mqf5ea.json,output/user2/আ/আ_20260704_232148_mqf5ea.png,output/user2/আ/আ_20260704_232148_mqf5ea.mp4,macOS Chrome desktop,2026-07-04T17:21:48.080Z,1137,1137,0,0,0,4,0.554982,0.416947,0.554982,2,
20260728_232436_9i4gi8,user2,আ,output/user2/আ/আ_20260728_232436_9i4gi8.json,output/user2/আ/আ_20260728_232436_9i4gi8.png,output/user2/আ/আ_20260728_232436_9i4gi8.mp4,Linux Chrome desktop,2026-07-28T17:24:36.846Z,256,256,0,0,0,5,0.546262,0.28878,0.546262,2,
20260728_232459_m6l3cf,user2,আ,output/user2/আ/আ_20260728_232459_m6l3cf.json,output/user2/আ/আ_20260728_232459_m6l3cf.png,output/user2/আ/আ_20260728_232459_m6l3cf.mp4,Linux Chrome desktop,2026-07-28T17:24:59.419Z,161,161,0,0,0,3,0.465688,0.337044,0.465688,2,
20260728_232520_l4uaan,user2,আ,output/user2/আ/আ_20260728_232520_l4uaan.json,output/user2/আ/আ_20260728_232520_l4uaan.png,output/user2/আ/আ_20260728_232520_l4uaan.mp4,Linux Chrome desktop,2026-07-28T17:25:20.068Z,169,169,0,0,0,2,0.391887,0.243594,0.391887,2,
20260728_232556_dwfz7c,user2,আ,output/user2/আ/আ_20260728_232556_dwfz7c.json,output/user2/আ/আ_20260728_232556_dwfz7c.png,output/user2/আ/আ_20260728_232556_dwfz7c.mp4,Linux Chrome desktop,2026-07-28T17:25:56.282Z,168,168,0,0,0,3,0.623294,0.676305,0.676305,2,
20260704_232218_jf6rio,user2,ই,output/user2/ই/ই_20260704_232218_jf6rio.json,output/user2/ই/ই_20260704_232218_jf6rio.png,output/user2/ই/ই_20260704_232218_jf6rio.mp4,macOS Chrome desktop,2026-07-04T17:22:18.145Z,575,575,0,0,0,8,0.333646,0.476162,0.476162,2,
20260728_232810_781yo6,user2,ই,output/user2/ই/ই_20260728_232810_781yo6.json,output/user2/ই/ই_20260728_232810_781yo6.png,output/user2/ই/ই_20260728_232810_781yo6.mp4,Linux Chrome desktop,2026-07-28T17:28:10.461Z,137,137,0,0,0,4,0.455804,0.647083,0.647083,2,
20260728_232836_pvgrxn,user2,ই,output/user2/ই/ই_20260728_232836_pvgrxn.json,output/user2/ই/ই_20260728_232836_pvgrxn.png,output/user2/ই/ই_20260728_232836_pvgrxn.mp4,Linux Chrome desktop,2026-07-28T17:28:36.067Z,156,156,0,0,0,4,0.428705,0.530594,0.530594,2,
20260728_233118_pcjncu,user2,ই,output/user2/ই/ই_20260728_233118_pcjncu.json,output/user2/ই/ই_20260728_233118_pcjncu.png,output/user2/ই/ই_20260728_233118_pcjncu.mp4,Linux Chrome desktop,2026-07-28T17:31:18.504Z,221,221,0,0,0,2,0.419316,0.557438,0.557438,2,
20260728_233205_n417cm,user2,ই,output/user2/ই/ই_20260728_233205_n417cm.json,output/user2/ই/ই_20260728_233205_n417cm.png,output/user2/ই/ই_20260728_233205_n417cm.mp4,Linux Chrome desktop,2026-07-28T17:32:05.957Z,176,176,0,0,0,2,0.442832,0.575458,0.575458,2,
20260704_232243_1fsapx,user2,ঈ,output/user2/ঈ/ঈ_20260704_232243_1fsapx.json,output/user2/ঈ/ঈ_20260704_232243_1fsapx.png,output/user2/ঈ/ঈ_20260704_232243_1fsapx.mp4,macOS Chrome desktop,2026-07-04T17:22:43.813Z,1051,1051,0,0,0,25,0.404355,0.470253,0.470253,2,
20260728_233238_q39ioy,user2,ঈ,output/user2/ঈ/ঈ_20260728_233238_q39ioy.json,output/user2/ঈ/ঈ_20260728_233238_q39ioy.png,output/user2/ঈ/ঈ_20260728_233238_q39ioy.mp4,Linux Chrome desktop,2026-07-28T17:32:38.672Z,144,144,0,0,0,2,0.471308,0.502526,0.502526,2,
20260728_233302_e8k0ge,user2,ঈ,output/user2/ঈ/ঈ_20260728_233302_e8k0ge.json,output/user2/ঈ/ঈ_20260728_233302_e8k0ge.png,output/user2/ঈ/ঈ_20260728_233302_e8k0ge.mp4,Linux Chrome desktop,2026-07-28T17:33:02.980Z,186,186,0,0,0,6,0.429374,0.433671,0.433671,2,
20260728_233333_nvf18a,user2,ঈ,output/user2/ঈ/ঈ_20260728_233333_nvf18a.json,output/user2/ঈ/ঈ_20260728_233333_nvf18a.png,output/user2/ঈ/ঈ_20260728_233333_nvf18a.mp4,Linux Chrome desktop,2026-07-28T17:33:33.051Z,258,258,0,0,0,2,0.535307,0.533285,0.535307,2,
20260728_233359_9wg8n4,user2,ঈ,output/user2/ঈ/ঈ_20260728_233359_9wg8n4.json,output/user2/ঈ/ঈ_20260728_233359_9wg8n4.png,output/user2/ঈ/ঈ_20260728_233359_9wg8n4.mp4,Linux Chrome desktop,2026-07-28T17:33:59.720Z,218,218,0,0,0,3,0.494122,0.469639,0.494122,2,
20260711_200812_18txgi,user3,অ,output/user3/অ/অ_20260711_200812_18txgi.json,output/user3/অ/অ_20260711_200812_18txgi.png,output/user3/অ/অ_20260711_200812_18txgi.mp4,Linux Chrome desktop,2026-07-11T14:08:12.108Z,187,187,0,0,0,14,0.233153,0.324545,0.324545,3,
20260711_200917_z1na4w,user3,অ,output/user3/অ/অ_20260711_200917_z1na4w.json,output/user3/অ/অ_20260711_200917_z1na4w.png,output/user3/অ/অ_20260711_200917_z1na4w.mp4,Linux Chrome desktop,2026-07-11T14:09:17.809Z,240,240,0,0,0,25,0.402366,0.45482,0.45482,3,
20260711_200954_0muns4,user3,অ,output/user3/অ/অ_20260711_200954_0muns4.json,output/user3/অ/অ_20260711_200954_0muns4.png,output/user3/অ/অ_20260711_200954_0muns4.mp4,Linux Chrome desktop,2026-07-11T14:09:54.248Z,229,229,0,0,0,7,0.351293,0.298357,0.351293,3,
20260711_201110_jw6cqh,user3,অ,output/user3/অ/অ_20260711_201110_jw6cqh.json,output/user3/অ/অ_20260711_201110_jw6cqh.png,output/user3/অ/অ_20260711_201110_jw6cqh.mp4,Linux Chrome desktop,2026-07-11T14:11:10.932Z,181,181,0,0,0,24,0.385039,0.420218,0.420218,3,
20260711_201208_6ylgz1,user3,অ,output/user3/অ/অ_20260711_201208_6ylgz1.json,output/user3/অ/অ_20260711_201208_6ylgz1.png,output/user3/অ/অ_20260711_201208_6ylgz1.mp4,Linux Chrome desktop,2026-07-11T14:12:08.535Z,226,226,0,0,0,8,0.474576,0.483045,0.483045,3,
20260711_201526_9elfv0,user3,অ,output/user3/অ/অ_20260711_201526_9elfv0.json,output/user3/অ/অ_20260711_201526_9elfv0.png,output/user3/অ/অ_20260711_201526_9elfv0.mp4,Linux Chrome desktop,2026-07-11T14:15:26.348Z,218,218,0,0,0,13,0.455978,0.381815,0.455978,3,
20260711_201609_iv7642,user3,অ,output/user3/অ/অ_20260711_201609_iv7642.json,output/user3/অ/অ_20260711_201609_iv7642.png,output/user3/অ/অ_20260711_201609_iv7642.mp4,Linux Chrome desktop,2026-07-11T14:16:09.284Z,201,201,0,0,0,8,0.309347,0.363402,0.363402,3,
20260711_201811_0znu6g,user3,অ,output/user3/অ/অ_20260711_201811_0znu6g.json,output/user3/অ/অ_20260711_201811_0znu6g.png,output/user3/অ/অ_20260711_201811_0znu6g.mp4,Linux Chrome desktop,2026-07-11T14:18:11.166Z,199,199,0,0,0,28,0.294926,0.234212,0.294926,3,
20260711_201916_nc9ara,user3,অ,output/user3/অ/অ_20260711_201916_nc9ara.json,output/user3/অ/অ_20260711_201916_nc9ara.png,output/user3/অ/অ_20260711_201916_nc9ara.mp4,Linux Chrome desktop,2026-07-11T14:19:16.889Z,126,126,0,0,0,10,0.235738,0.230824,0.235738,3,
20260711_201953_sai9ew,user3,অ,output/user3/অ/অ_20260711_201953_sai9ew.json,output/user3/অ/অ_20260711_201953_sai9ew.png,output/user3/অ/অ_20260711_201953_sai9ew.mp4,Linux Chrome desktop,2026-07-11T14:19:53.452Z,244,244,0,0,0,16,0.37635,0.314384,0.37635,3,
20260711_202025_bntr0i,user3,অ,output/user3/অ/অ_20260711_202025_bntr0i.json,output/user3/অ/অ_20260711_202025_bntr0i.png,output/user3/অ/অ_20260711_202025_bntr0i.mp4,Linux Chrome desktop,2026-07-11T14:20:25.830Z,199,199,0,0,0,9,0.405736,0.337373,0.405736,3,
20260711_202714_mwa7m1,user3,অ,output/user3/অ/অ_20260711_202714_mwa7m1.json,output/user3/অ/অ_20260711_202714_mwa7m1.png,output/user3/অ/অ_20260711_202714_mwa7m1.mp4,Linux Chrome desktop,2026-07-11T14:27:14.175Z,172,172,0,0,0,34,0.316761,0.25191,0.316761,3,
20260711_202846_kmy51g,user3,অ,output/user3/অ/অ_20260711_202846_kmy51g.json,output/user3/অ/অ_20260711_202846_kmy51g.png,output/user3/অ/অ_20260711_202846_kmy51g.mp4,Linux Chrome desktop,2026-07-11T14:28:46.080Z,124,124,0,0,0,18,0.402193,0.261227,0.402193,3,
20260711_203013_i4o0om,user3,অ,output/user3/অ/অ_20260711_203013_i4o0om.json,output/user3/অ/অ_20260711_203013_i4o0om.png,output/user3/অ/অ_20260711_203013_i4o0om.mp4,Linux Chrome desktop,2026-07-11T14:30:13.619Z,179,179,0,0,0,27,0.304172,0.303032,0.304172,3,
20260711_203112_15gnzj,user3,অ,output/user3/অ/অ_20260711_203112_15gnzj.json,output/user3/অ/অ_20260711_203112_15gnzj.png,output/user3/অ/অ_20260711_203112_15gnzj.mp4,Linux Chrome desktop,2026-07-11T14:31:12.769Z,157,157,0,0,0,19,0.343951,0.220981,0.343951,3,
20260711_205524_jbk5pv,user3,আ,output/user3/আ/আ_20260711_205524_jbk5pv.json,output/user3/আ/আ_20260711_205524_jbk5pv.png,output/user3/আ/আ_20260711_205524_jbk5pv.mp4,Linux Chrome desktop,2026-07-11T14:55:24.081Z,197,197,0,0,0,5,0.379589,0.230239,0.379589,3,
20260711_205559_azslan,user3,আ,output/user3/আ/আ_20260711_205559_azslan.json,output/user3/আ/আ_20260711_205559_azslan.png,output/user3/আ/আ_20260711_205559_azslan.mp4,Linux Chrome desktop,2026-07-11T14:55:59.310Z,252,252,0,0,0,19,0.37887,0.315553,0.37887,3,
20260711_205630_gydvnp,user3,আ,output/user3/আ/আ_20260711_205630_gydvnp.json,output/user3/আ/আ_20260711_205630_gydvnp.png,output/user3/আ/আ_20260711_205630_gydvnp.mp4,Linux Chrome desktop,2026-07-11T14:56:30.248Z,198,198,0,0,0,14,0.480937,0.333981,0.480937,3,
20260711_205707_n57400,user3,আ,output/user3/আ/আ_20260711_205707_n57400.json,output/user3/আ/আ_20260711_205707_n57400.png,output/user3/আ/আ_20260711_205707_n57400.mp4,Linux Chrome desktop,2026-07-11T14:57:07.290Z,157,157,0,0,0,9,0.343288,0.203963,0.343288,3,
20260711_205748_usnulf,user3,আ,output/user3/আ/আ_20260711_205748_usnulf.json,output/user3/আ/আ_20260711_205748_usnulf.png,output/user3/আ/আ_20260711_205748_usnulf.mp4,Linux Chrome desktop,2026-07-11T14:57:48.897Z,235,235,0,0,0,39,0.404714,0.248356,0.404714,3,
20260711_211455_ab7vb3,user4,অ,output/user4/অ/অ_20260711_211455_ab7vb3.json,output/user4/অ/অ_20260711_211455_ab7vb3.png,output/user4/অ/অ_20260711_211455_ab7vb3.mp4,macOS Chrome desktop,2026-07-11T15:14:55.509Z,535,535,0,0,0,3,0.372879,0.261383,0.372879,4,
20260711_214733_y28o8p,user4,অ,output/user4/অ/অ_20260711_214733_y28o8p.json,output/user4/অ/অ_20260711_214733_y28o8p.png,output/user4/অ/অ_20260711_214733_y28o8p.mp4,macOS Chrome desktop,2026-07-11T15:47:33.695Z,651,651,0,0,0,8,0.382461,0.318547,0.382461,4,
20260711_214747_h8ad4n,user4,অ,output/user4/অ/অ_20260711_214747_h8ad4n.json,output/user4/অ/অ_20260711_214747_h8ad4n.png,output/user4/অ/অ_20260711_214747_h8ad4n.mp4,macOS Chrome desktop,2026-07-11T15:47:47.213Z,556,556,0,0,0,1,0.381882,0.307718,0.381882,4,
20260711_214802_iotb3d,user4,অ,output/user4/অ/অ_20260711_214802_iotb3d.json,output/user4/অ/অ_20260711_214802_iotb3d.png,output/user4/অ/অ_20260711_214802_iotb3d.mp4,macOS Chrome desktop,2026-07-11T15:48:02.538Z,459,459,0,0,0,5,0.419677,0.185147,0.419677,4,
20260711_214818_1kqyjw,user4,অ,output/user4/অ/অ_20260711_214818_1kqyjw.json,output/user4/অ/অ_20260711_214818_1kqyjw.png,output/user4/অ/অ_20260711_214818_1kqyjw.mp4,macOS Chrome desktop,2026-07-11T15:48:18.989Z,540,540,0,0,0,1,0.30651,0.219535,0.30651,4,
20260711_214838_nmfk2j,user4,অ,output/user4/অ/অ_20260711_214838_nmfk2j.json,output/user4/অ/অ_20260711_214838_nmfk2j.png,output/user4/অ/অ_20260711_214838_nmfk2j.mp4,macOS Chrome desktop,2026-07-11T15:48:38.039Z,760,760,0,0,0,3,0.30333,0.190952,0.30333,4,
20260711_214856_wh1jdl,user4,অ,output/user4/অ/অ_20260711_214856_wh1jdl.json,output/user4/অ/অ_20260711_214856_wh1jdl.png,output/user4/অ/অ_20260711_214856_wh1jdl.mp4,macOS Chrome desktop,2026-07-11T15:48:56.618Z,641,641,0,0,0,8,0.614726,0.39665,0.614726,4,
20260711_214912_5jyzoq,user4,অ,output/user4/অ/অ_20260711_214912_5jyzoq.json,output/user4/অ/অ_20260711_214912_5jyzoq.png,output/user4/অ/অ_20260711_214912_5jyzoq.mp4,macOS Chrome desktop,2026-07-11T15:49:12.892Z,688,688,0,0,0,3,0.496224,0.300708,0.496224,4,
20260711_215025_9ahjj1,user4,অ,output/user4/অ/অ_20260711_215025_9ahjj1.json,output/user4/অ/অ_20260711_215025_9ahjj1.png,output/user4/অ/অ_20260711_215025_9ahjj1.mp4,macOS Chrome desktop,2026-07-11T15:50:25.341Z,782,782,0,0,0,10,0.444573,0.362673,0.444573,4,
20260711_215040_totmvz,user4,অ,output/user4/অ/অ_20260711_215040_totmvz.json,output/user4/অ/অ_20260711_215040_totmvz.png,output/user4/অ/অ_20260711_215040_totmvz.mp4,macOS Chrome desktop,2026-07-11T15:50:40.861Z,516,516,0,0,0,8,0.410585,0.317338,0.410585,4,
20260711_215057_m3q3bw,user4,অ,output/user4/অ/অ_20260711_215057_m3q3bw.json,output/user4/অ/অ_20260711_215057_m3q3bw.png,output/user4/অ/অ_20260711_215057_m3q3bw.mp4,macOS Chrome desktop,2026-07-11T15:50:57.781Z,942,942,0,0,0,3,0.364902,0.23018,0.364902,4,
20260711_215120_wa3iw4,user4,অ,output/user4/অ/অ_20260711_215120_wa3iw4.json,output/user4/অ/অ_20260711_215120_wa3iw4.png,output/user4/অ/অ_20260711_215120_wa3iw4.mp4,macOS Chrome desktop,2026-07-11T15:51:20.891Z,801,801,0,0,0,5,0.51491,0.322679,0.51491,4,
20260711_215140_jzmdn9,user4,অ,output/user4/অ/অ_20260711_215140_jzmdn9.json,output/user4/অ/অ_20260711_215140_jzmdn9.png,output/user4/অ/অ_20260711_215140_jzmdn9.mp4,macOS Chrome desktop,2026-07-11T15:51:40.201Z,960,960,0,0,0,2,0.379049,0.290825,0.379049,4,
20260711_215153_8dj6mi,user4,অ,output/user4/অ/অ_20260711_215153_8dj6mi.json,output/user4/অ/অ_20260711_215153_8dj6mi.png,output/user4/অ/অ_20260711_215153_8dj6mi.mp4,macOS Chrome desktop,2026-07-11T15:51:53.722Z,570,570,0,0,0,3,0.381963,0.200602,0.381963,4,
20260711_215210_14cuph,user4,অ,output/user4/অ/অ_20260711_215210_14cuph.json,output/user4/অ/অ_20260711_215210_14cuph.png,output/user4/অ/অ_20260711_215210_14cuph.mp4,macOS Chrome desktop,2026-07-11T15:52:10.848Z,840,840,0,0,0,1,0.385914,0.33191,0.385914,4,
20260711_215224_s1nefb,user4,অ,output/user4/অ/অ_20260711_215224_s1nefb.json,output/user4/অ/অ_20260711_215224_s1nefb.png,output/user4/অ/অ_20260711_215224_s1nefb.mp4,macOS Chrome desktop,2026-07-11T15:52:24.742Z,576,576,0,0,0,2,0.27337,0.200362,0.27337,4,
20260711_211553_8q738s,user4,আ,output/user4/আ/আ_20260711_211553_8q738s.json,output/user4/আ/আ_20260711_211553_8q738s.png,output/user4/আ/আ_20260711_211553_8q738s.mp4,macOS Chrome desktop,2026-07-11T15:15:53.117Z,655,655,0,0,0,4,0.411682,0.303766,0.411682,4,
20260711_215326_rdw0i7,user4,আ,output/user4/আ/আ_20260711_215326_rdw0i7.json,output/user4/আ/আ_20260711_215326_rdw0i7.png,output/user4/আ/আ_20260711_215326_rdw0i7.mp4,macOS Chrome desktop,2026-07-11T15:53:26.454Z,875,875,0,0,0,9,0.412166,0.301643,0.412166,4,
20260711_215355_gtir0d,user4,আ,output/user4/আ/আ_20260711_215355_gtir0d.json,output/user4/আ/আ_20260711_215355_gtir0d.png,output/user4/আ/আ_20260711_215355_gtir0d.mp4,macOS Chrome desktop,2026-07-11T15:53:55.047Z,760,760,0,0,0,8,0.387593,0.80489,0.80489,4,
20260711_215413_4z3pac,user4,আ,output/user4/আ/আ_20260711_215413_4z3pac.json,output/user4/আ/আ_20260711_215413_4z3pac.png,output/user4/আ/আ_20260711_215413_4z3pac.mp4,macOS Chrome desktop,2026-07-11T15:54:13.989Z,732,732,0,0,0,4,0.409787,0.301886,0.409787,4,
20260711_215505_noe4fp,user4,আ,output/user4/আ/আ_20260711_215505_noe4fp.json,output/user4/আ/আ_20260711_215505_noe4fp.png,output/user4/আ/আ_20260711_215505_noe4fp.mp4,macOS Chrome desktop,2026-07-11T15:55:05.229Z,840,840,0,0,0,3,0.529754,0.331105,0.529754,4,
20260711_215527_oaoi6c,user4,আ,output/user4/আ/আ_20260711_215527_oaoi6c.json,output/user4/আ/আ_20260711_215527_oaoi6c.png,output/user4/আ/আ_20260711_215527_oaoi6c.mp4,macOS Chrome desktop,2026-07-11T15:55:27.756Z,1234,1234,0,0,0,8,0.480242,0.378338,0.480242,4,
20260711_215554_41w3p4,user4,আ,output/user4/আ/আ_20260711_215554_41w3p4.json,output/user4/আ/আ_20260711_215554_41w3p4.png,output/user4/আ/আ_20260711_215554_41w3p4.mp4,macOS Chrome desktop,2026-07-11T15:55:54.029Z,1344,1344,0,0,0,3,0.526678,0.41795,0.526678,4,
20260711_215623_q6sua3,user4,আ,output/user4/আ/আ_20260711_215623_q6sua3.json,output/user4/আ/আ_20260711_215623_q6sua3.png,output/user4/আ/আ_20260711_215623_q6sua3.mp4,macOS Chrome desktop,2026-07-11T15:56:23.203Z,828,828,0,0,0,8,0.530437,0.304324,0.530437,4,
20260711_215646_y25z4x,user4,আ,output/user4/আ/আ_20260711_215646_y25z4x.json,output/user4/আ/আ_20260711_215646_y25z4x.png,output/user4/আ/আ_20260711_215646_y25z4x.mp4,macOS Chrome desktop,2026-07-11T15:56:46.439Z,818,818,0,0,0,8,0.468841,0.365285,0.468841,4,
20260711_215701_i0we24,user4,আ,output/user4/আ/আ_20260711_215701_i0we24.json,output/user4/আ/আ_20260711_215701_i0we24.png,output/user4/আ/আ_20260711_215701_i0we24.mp4,macOS Chrome desktop,2026-07-11T15:57:01.697Z,682,682,0,0,0,12,0.471564,0.295859,0.471564,4,
20260711_215719_fym8k2,user4,আ,output/user4/আ/আ_20260711_215719_fym8k2.json,output/user4/আ/আ_20260711_215719_fym8k2.png,output/user4/আ/আ_20260711_215719_fym8k2.mp4,macOS Chrome desktop,2026-07-11T15:57:19.563Z,928,928,0,0,0,3,0.534549,0.340282,0.534549,4,
20260711_215732_e3wli4,user4,আ,output/user4/আ/আ_20260711_215732_e3wli4.json,output/user4/আ/আ_20260711_215732_e3wli4.png,output/user4/আ/আ_20260711_215732_e3wli4.mp4,macOS Chrome desktop,2026-07-11T15:57:32.879Z,585,585,0,0,0,6,0.583719,0.330354,0.583719,4,
20260711_215746_pw5glc,user4,আ,output/user4/আ/আ_20260711_215746_pw5glc.json,output/user4/আ/আ_20260711_215746_pw5glc.png,output/user4/আ/আ_20260711_215746_pw5glc.mp4,macOS Chrome desktop,2026-07-11T15:57:46.710Z,827,827,0,0,0,1,0.495686,0.271203,0.495686,4,
20260711_215803_gtb1nz,user4,আ,output/user4/আ/আ_20260711_215803_gtb1nz.json,output/user4/আ/আ_20260711_215803_gtb1nz.png,output/user4/আ/আ_20260711_215803_gtb1nz.mp4,macOS Chrome desktop,2026-07-11T15:58:03.072Z,964,964,0,0,0,2,0.443383,0.264187,0.443383,4,
20260711_215826_09me7o,user4,আ,output/user4/আ/আ_20260711_215826_09me7o.json,output/user4/আ/আ_20260711_215826_09me7o.png,output/user4/আ/আ_20260711_215826_09me7o.mp4,macOS Chrome desktop,2026-07-11T15:58:26.604Z,1680,1680,0,0,0,2,0.528551,0.320234,0.528551,4,
20260711_215850_2a6qfe,user4,আ,output/user4/আ/আ_20260711_215850_2a6qfe.json,output/user4/আ/আ_20260711_215850_2a6qfe.png,output/user4/আ/আ_20260711_215850_2a6qfe.mp4,macOS Chrome desktop,2026-07-11T15:58:50.585Z,1385,1385,0,0,0,13,0.594049,0.376013,0.594049,4,
20260711_211613_pni7yl,user4,ই,output/user4/ই/ই_20260711_211613_pni7yl.json,output/user4/ই/ই_20260711_211613_pni7yl.png,output/user4/ই/ই_20260711_211613_pni7yl.mp4,macOS Chrome desktop,2026-07-11T15:16:13.617Z,428,428,0,0,0,3,0.34662,0.480217,0.480217,4,
20260711_211631_omhqof,user4,ই,output/user4/ই/ই_20260711_211631_omhqof.json,output/user4/ই/ই_20260711_211631_omhqof.png,output/user4/ই/ই_20260711_211631_omhqof.mp4,macOS Chrome desktop,2026-07-11T15:16:31.202Z,474,474,0,0,0,4,0.473601,0.484861,0.484861,4,
20260711_215916_5xq3ym,user4,ই,output/user4/ই/ই_20260711_215916_5xq3ym.json,output/user4/ই/ই_20260711_215916_5xq3ym.png,output/user4/ই/ই_20260711_215916_5xq3ym.mp4,macOS Chrome desktop,2026-07-11T15:59:16.067Z,802,802,0,0,0,15,0.485349,0.574492,0.574492,4,
20260711_215928_ckxbi5,user4,ই,output/user4/ই/ই_20260711_215928_ckxbi5.json,output/user4/ই/ই_20260711_215928_ckxbi5.png,output/user4/ই/ই_20260711_215928_ckxbi5.mp4,macOS Chrome desktop,2026-07-11T15:59:28.475Z,519,519,0,0,0,2,0.42658,0.576531,0.576531,4,
20260711_215945_ovgs11,user4,ই,output/user4/ই/ই_20260711_215945_ovgs11.json,output/user4/ই/ই_20260711_215945_ovgs11.png,output/user4/ই/ই_20260711_215945_ovgs11.mp4,macOS Chrome desktop,2026-07-11T15:59:45.425Z,767,767,0,0,0,4,0.402264,0.488956,0.488956,4,
20260711_215959_axw0jl,user4,ই,output/user4/ই/ই_20260711_215959_axw0jl.json,output/user4/ই/ই_20260711_215959_axw0jl.png,output/user4/ই/ই_20260711_215959_axw0jl.mp4,macOS Chrome desktop,2026-07-11T15:59:59.543Z,604,604,0,0,0,5,0.482832,0.59653,0.59653,4,
20260711_220013_x16qxh,user4,ই,output/user4/ই/ই_20260711_220013_x16qxh.json,output/user4/ই/ই_20260711_220013_x16qxh.png,output/user4/ই/ই_20260711_220013_x16qxh.mp4,macOS Chrome desktop,2026-07-11T16:00:13.923Z,504,504,0,0,0,11,0.469429,0.445942,0.469429,4,
20260711_220027_1j40u6,user4,ই,output/user4/ই/ই_20260711_220027_1j40u6.json,output/user4/ই/ই_20260711_220027_1j40u6.png,output/user4/ই/ই_20260711_220027_1j40u6.mp4,macOS Chrome desktop,2026-07-11T16:00:27.650Z,617,617,0,0,0,4,0.418101,0.479262,0.479262,4,
20260711_220043_yyhe4o,user4,ই,output/user4/ই/ই_20260711_220043_yyhe4o.json,output/user4/ই/ই_20260711_220043_yyhe4o.png,output/user4/ই/ই_20260711_220043_yyhe4o.mp4,macOS Chrome desktop,2026-07-11T16:00:43.271Z,685,685,0,0,0,5,0.383759,0.539926,0.539926,4,
20260711_220058_6cy90j,user4,ই,output/user4/ই/ই_20260711_220058_6cy90j.json,output/user4/ই/ই_20260711_220058_6cy90j.png,output/user4/ই/ই_20260711_220058_6cy90j.mp4,macOS Chrome desktop,2026-07-11T16:00:58.080Z,694,694,0,0,0,9,0.447535,0.537678,0.537678,4,
20260711_220112_94lc88,user4,ই,output/user4/ই/ই_20260711_220112_94lc88.json,output/user4/ই/ই_20260711_220112_94lc88.png,output/user4/ই/ই_20260711_220112_94lc88.mp4,macOS Chrome desktop,2026-07-11T16:01:12.998Z,712,712,0,0,0,8,0.43236,0.521909,0.521909,4,
20260711_220132_3b6d70,user4,ই,output/user4/ই/ই_20260711_220132_3b6d70.json,output/user4/ই/ই_20260711_220132_3b6d70.png,output/user4/ই/ই_20260711_220132_3b6d70.mp4,macOS Chrome desktop,2026-07-11T16:01:32.328Z,886,886,0,0,0,27,0.411879,0.602841,0.602841,4,
20260711_220151_kjuuzh,user4,ই,output/user4/ই/ই_20260711_220151_kjuuzh.json,output/user4/ই/ই_20260711_220151_kjuuzh.png,output/user4/ই/ই_20260711_220151_kjuuzh.mp4,macOS Chrome desktop,2026-07-11T16:01:51.689Z,568,568,0,0,0,7,0.437888,0.569774,0.569774,4,
20260711_220205_cr3boy,user4,ই,output/user4/ই/ই_20260711_220205_cr3boy.json,output/user4/ই/ই_20260711_220205_cr3boy.png,output/user4/ই/ই_20260711_220205_cr3boy.mp4,macOS Chrome desktop,2026-07-11T16:02:05.156Z,649,649,0,0,0,2,0.329358,0.457367,0.457367,4,
20260711_220217_85rgxu,user4,ই,output/user4/ই/ই_20260711_220217_85rgxu.json,output/user4/ই/ই_20260711_220217_85rgxu.png,output/user4/ই/ই_20260711_220217_85rgxu.mp4,macOS Chrome desktop,2026-07-11T16:02:17.888Z,412,412,0,0,0,18,0.400923,0.450802,0.450802,4,
20260711_220235_4uai7u,user4,ই,output/user4/ই/ই_20260711_220235_4uai7u.json,output/user4/ই/ই_20260711_220235_4uai7u.png,output/user4/ই/ই_20260711_220235_4uai7u.mp4,macOS Chrome desktop,2026-07-11T16:02:35.471Z,578,578,0,0,0,8,0.476467,0.583674,0.583674,4,
20260711_220308_e7l7wm,user4,ই,output/user4/ই/ই_20260711_220308_e7l7wm.json,output/user4/ই/ই_20260711_220308_e7l7wm.png,output/user4/ই/ই_20260711_220308_e7l7wm.mp4,macOS Chrome desktop,2026-07-11T16:03:08.513Z,860,860,0,0,0,11,0.521936,0.74849,0.74849,4,
20260711_220404_itceug,user4,ঈ,output/user4/ঈ/ঈ_20260711_220404_itceug.json,output/user4/ঈ/ঈ_20260711_220404_itceug.png,output/user4/ঈ/ঈ_20260711_220404_itceug.mp4,macOS Chrome desktop,2026-07-11T16:04:04.111Z,939,939,0,0,0,5,0.497797,0.646728,0.646728,4,
20260711_220444_r35mfs,user4,ঈ,output/user4/ঈ/ঈ_20260711_220444_r35mfs.json,output/user4/ঈ/ঈ_20260711_220444_r35mfs.png,output/user4/ঈ/ঈ_20260711_220444_r35mfs.mp4,macOS Chrome desktop,2026-07-11T16:04:44.146Z,784,782,0,2,0,4,0.500203,0.628221,0.628221,4,
20260711_220519_ila5ji,user4,ঈ,output/user4/ঈ/ঈ_20260711_220519_ila5ji.json,output/user4/ঈ/ঈ_20260711_220519_ila5ji.png,output/user4/ঈ/ঈ_20260711_220519_ila5ji.mp4,macOS Chrome desktop,2026-07-11T16:05:19.321Z,973,973,0,0,0,10,0.326864,0.412111,0.412111,4,
20260711_220543_7o5bd0,user4,ঈ,output/user4/ঈ/ঈ_20260711_220543_7o5bd0.json,output/user4/ঈ/ঈ_20260711_220543_7o5bd0.png,output/user4/ঈ/ঈ_20260711_220543_7o5bd0.mp4,macOS Chrome desktop,2026-07-11T16:05:43.470Z,1129,1129,0,0,0,12,0.544303,0.722028,0.722028,4,
20260711_220606_essesa,user4,ঈ,output/user4/ঈ/ঈ_20260711_220606_essesa.json,output/user4/ঈ/ঈ_20260711_220606_essesa.png,output/user4/ঈ/ঈ_20260711_220606_essesa.mp4,macOS Chrome desktop,2026-07-11T16:06:06.936Z,782,782,0,0,0,7,0.615879,0.655763,0.655763,4,
20260711_220641_ufswp1,user4,ঈ,output/user4/ঈ/ঈ_20260711_220641_ufswp1.json,output/user4/ঈ/ঈ_20260711_220641_ufswp1.png,output/user4/ঈ/ঈ_20260711_220641_ufswp1.mp4,macOS Chrome desktop,2026-07-11T16:06:41.236Z,940,940,0,0,0,13,0.450285,0.794172,0.794172,4,
20260711_220701_y1rftt,user4,ঈ,output/user4/ঈ/ঈ_20260711_220701_y1rftt.json,output/user4/ঈ/ঈ_20260711_220701_y1rftt.png,output/user4/ঈ/ঈ_20260711_220701_y1rftt.mp4,macOS Chrome desktop,2026-07-11T16:07:01.071Z,881,881,0,0,0,10,0.435532,0.616203,0.616203,4,
20260711_220721_h9k2mi,user4,ঈ,output/user4/ঈ/ঈ_20260711_220721_h9k2mi.json,output/user4/ঈ/ঈ_20260711_220721_h9k2mi.png,output/user4/ঈ/ঈ_20260711_220721_h9k2mi.mp4,macOS Chrome desktop,2026-07-11T16:07:21.353Z,1044,1044,0,0,0,12,0.44443,0.60937,0.60937,4,
20260711_220738_j2qzn6,user4,ঈ,output/user4/ঈ/ঈ_20260711_220738_j2qzn6.json,output/user4/ঈ/ঈ_20260711_220738_j2qzn6.png,output/user4/ঈ/ঈ_20260711_220738_j2qzn6.mp4,macOS Chrome desktop,2026-07-11T16:07:38.461Z,1040,1040,0,0,0,5,0.48789,0.58388,0.58388,4,
20260711_220751_axw80l,user4,ঈ,output/user4/ঈ/ঈ_20260711_220751_axw80l.json,output/user4/ঈ/ঈ_20260711_220751_axw80l.png,output/user4/ঈ/ঈ_20260711_220751_axw80l.mp4,macOS Chrome desktop,2026-07-11T16:07:51.851Z,659,659,0,0,0,5,0.507386,0.528618,0.528618,4,
20260711_220807_mldxj2,user4,ঈ,output/user4/ঈ/ঈ_20260711_220807_mldxj2.json,output/user4/ঈ/ঈ_20260711_220807_mldxj2.png,output/user4/ঈ/ঈ_20260711_220807_mldxj2.mp4,macOS Chrome desktop,2026-07-11T16:08:07.321Z,776,776,0,0,0,19,0.466083,0.549706,0.549706,4,
20260711_220822_wgaxvc,user4,ঈ,output/user4/ঈ/ঈ_20260711_220822_wgaxvc.json,output/user4/ঈ/ঈ_20260711_220822_wgaxvc.png,output/user4/ঈ/ঈ_20260711_220822_wgaxvc.mp4,macOS Chrome desktop,2026-07-11T16:08:22.237Z,802,802,0,0,0,4,0.469599,0.61431,0.61431,4,
20260711_220837_dby4gx,user4,ঈ,output/user4/ঈ/ঈ_20260711_220837_dby4gx.json,output/user4/ঈ/ঈ_20260711_220837_dby4gx.png,output/user4/ঈ/ঈ_20260711_220837_dby4gx.mp4,macOS Chrome desktop,2026-07-11T16:08:37.425Z,757,757,0,0,0,15,0.422699,0.572425,0.572425,4,
20260711_220850_xo5kch,user4,ঈ,output/user4/ঈ/ঈ_20260711_220850_xo5kch.json,output/user4/ঈ/ঈ_20260711_220850_xo5kch.png,output/user4/ঈ/ঈ_20260711_220850_xo5kch.mp4,macOS Chrome desktop,2026-07-11T16:08:50.437Z,660,660,0,0,0,7,0.49628,0.539707,0.539707,4,
20260711_220906_ehc737,user4,ঈ,output/user4/ঈ/ঈ_20260711_220906_ehc737.json,output/user4/ঈ/ঈ_20260711_220906_ehc737.png,output/user4/ঈ/ঈ_20260711_220906_ehc737.mp4,macOS Chrome desktop,2026-07-11T16:09:06.720Z,811,811,0,0,0,4,0.481815,0.57448,0.57448,4,
