sample_id,user_id,label,points_checked,mismatches_above_1e-4,mismatch_rate,max_abs_diff
20260703_231939_jmltkn,user1,অ,102,32,0.313725,0.000765
20260704_230134_0i7e7o,user1,অ,143,60,0.41958,0.001369
20260704_230207_s0bru0,user1,অ,131,45,0.343511,0.001271
20260704_230243_20ggrl,user1,অ,218,81,0.37156,0.002571
20260704_230314_biogka,user1,অ,169,75,0.443787,0.001817
20260704_230343_z76un4,user1,অ,219,82,0.374429,0.001841
20260704_230438_1by20a,user1,অ,173,61,0.352601,0.001025
20260704_230508_zz8agk,user1,অ,206,64,0.31068,0.001794
20260704_230530_8783vw,user1,অ,167,64,0.383234,0.001602
20260704_230601_9fuwl5,user1,অ,183,74,0.404372,0.002843
20260704_230631_iep9zz,user1,অ,186,66,0.354839,0.000765
20260709_222041_giojuy,user1,অ,163,41,0.251534,0.000852
20260704_230720_4nlmlz,user1,আ,223,65,0.29148,0.001753
20260704_230748_cofjqd,user1,আ,197,83,0.42132,0.001965
20260704_230823_p4djtm,user1,আ,264,74,0.280303,0.001623
20260704_230900_jm6b9y,user1,আ,299,104,0.347826,0.002338
20260704_230941_ogdcp4,user1,আ,277,101,0.364621,0.003142
20260704_231010_4ha6y7,user1,আ,266,114,0.428571,0.004302
20260728_232136_0wkg0v,user1,আ,215,63,0.293023,0.004867
20260728_232203_7c77zv,user1,আ,236,59,0.25,0.000984
20260728_232238_kgwkds,user1,আ,334,132,0.39521,0.001479
20260728_232316_s2ep8l,user1,আ,281,91,0.323843,0.001035
20260705_210750_hp0ub6,user1,ই,189,57,0.301587,0.000717
20260705_210817_cpe63z,user1,ই,245,73,0.297959,0.001171
20260705_210847_8d63gb,user1,ই,230,88,0.382609,0.001197
20260705_210914_6z0wyv,user1,ই,171,58,0.339181,0.001244
20260705_211104_cee4mp,user1,ই,222,62,0.279279,0.001657
20260705_211129_q9xd7j,user1,ই,158,68,0.43038,0.001252
20260705_211202_fwdefr,user1,ই,238,86,0.361345,0.001348
20260705_211229_nco6f5,user1,ই,192,48,0.25,0.003421
20260705_211257_5zxk15,user1,ই,193,81,0.419689,0.004558
20260705_211324_69n6hy,user1,ই,240,83,0.345833,0.000757
20260705_213721_6edrqn,user1,ঈ,224,71,0.316964,0.001732
20260705_213804_scynf9,user1,ঈ,215,81,0.376744,0.000967
20260705_213852_tuebtl,user1,ঈ,289,134,0.463668,0.002676
20260705_213943_7qqvt7,user1,ঈ,200,88,0.44,0.001112
20260705_214029_z7ddbl,user1,ঈ,344,140,0.406977,0.001096
20260705_214107_b894ld,user1,ঈ,238,79,0.331933,0.000969
20260705_215457_yruoxw,user1,ঈ,246,74,0.300813,0.002572
20260705_215539_dr61qv,user1,ঈ,236,62,0.262712,0.001896
20260705_215654_07cd7w,user1,ঈ,249,95,0.381526,0.001174
20260705_215745_i5n9h7,user1,ঈ,322,146,0.453416,0.009383
20260704_232121_lcxi4y,user2,অ,1033,969,0.938045,0.246965
20260704_232412_nr23lb,user2,অ,245,131,0.534694,0.024474
20260705_165947_rrdvxz,user2,অ,57,0,0.0,6.9e-05
20260705_170029_180ejw,user2,অ,72,6,0.083333,0.000508
20260705_170128_b1n6nu,user2,অ,68,2,0.029412,0.000175
20260705_170207_eb9cjm,user2,অ,73,6,0.082192,0.00017
20260705_170248_sf7fcw,user2,অ,64,1,0.015625,0.000105
20260728_232630_znnts0,user2,অ,187,61,0.326203,0.001187
20260728_232652_hdsmyh,user2,অ,180,68,0.377778,0.000595
20260728_232714_hincfq,user2,অ,141,42,0.297872,0.001582
20260728_232741_j1gvgu,user2,অ,207,102,0.492754,0.002757
20260704_232148_mqf5ea,user2,আ,1137,1077,0.94723,0.080631
20260705_170410_psx32h,user2,আ,90,4,0.044444,0.000244
20260705_170459_x9acwr,user2,আ,96,6,0.0625,0.000178
20260705_170542_0shybi,user2,আ,83,2,0.024096,0.000278
20260705_170622_0o9xio,user2,আ,95,5,0.052632,0.00019
20260705_170735_cbvyrc,user2,আ,126,0,0.0,7.9e-05
20260728_232436_9i4gi8,user2,আ,256,115,0.449219,0.003164
20260728_232459_m6l3cf,user2,আ,161,67,0.416149,0.00101
20260728_232520_l4uaan,user2,আ,169,50,0.295858,0.002803
20260728_232556_dwfz7c,user2,আ,168,47,0.279762,0.001334
20260704_232218_jf6rio,user2,ই,575,518,0.90087,0.037363
20260705_170839_hkwvju,user2,ই,56,0,0.0,3.5e-05
20260705_170951_aziiah,user2,ই,62,1,0.016129,0.000108
20260705_171029_5ftejq,user2,ই,68,2,0.029412,0.000172
20260705_171118_evwpn3,user2,ই,82,2,0.02439,0.00023
20260705_171155_wvydfy,user2,ই,58,0,0.0,6.5e-05
20260728_232810_781yo6,user2,ই,137,37,0.270073,0.000742
20260728_232836_pvgrxn,user2,ই,156,49,0.314103,0.00154
20260728_233118_pcjncu,user2,ই,221,111,0.502262,0.002906
20260728_233205_n417cm,user2,ই,176,58,0.329545,0.001775
20260704_232243_1fsapx,user2,ঈ,1051,939,0.893435,0.060991
20260705_171259_dluym7,user2,ঈ,82,6,0.073171,0.000512
20260705_171351_vkunfn,user2,ঈ,79,4,0.050633,0.000485
20260705_171438_jgev7f,user2,ঈ,99,8,0.080808,0.000377
20260705_171525_i5t1b0,user2,ঈ,85,0,0.0,9.3e-05
20260705_171647_x9r778,user2,ঈ,73,4,0.054795,0.000183
20260725_213216_j99456,user2,ঈ,80,11,0.1375,0.000328
20260728_233238_q39ioy,user2,ঈ,144,43,0.298611,0.000796
20260728_233302_e8k0ge,user2,ঈ,186,44,0.236559,0.00109
20260728_233333_nvf18a,user2,ঈ,258,115,0.445736,0.003284
20260728_233359_9wg8n4,user2,ঈ,218,75,0.344037,0.001807
20260711_200812_18txgi,user3,অ,187,76,0.406417,0.004003
20260711_200917_z1na4w,user3,অ,240,108,0.45,0.005322
20260711_200954_0muns4,user3,অ,229,92,0.401747,0.002994
20260711_201110_jw6cqh,user3,অ,181,80,0.441989,0.001363
20260711_201208_6ylgz1,user3,অ,226,110,0.486726,0.002504
20260711_201526_9elfv0,user3,অ,218,73,0.334862,0.010772
20260711_201609_iv7642,user3,অ,201,78,0.38806,0.00248
20260711_201811_0znu6g,user3,অ,199,103,0.517588,0.003968
20260711_201916_nc9ara,user3,অ,126,69,0.547619,0.001703
20260711_201953_sai9ew,user3,অ,244,118,0.483607,0.002505
20260711_202025_bntr0i,user3,অ,199,90,0.452261,0.001342
20260711_202714_mwa7m1,user3,অ,172,81,0.47093,0.002653
20260711_202846_kmy51g,user3,অ,124,54,0.435484,0.005527
20260711_203013_i4o0om,user3,অ,179,93,0.519553,0.002615
20260711_203112_15gnzj,user3,অ,157,88,0.56051,0.001483
20260711_205524_jbk5pv,user3,আ,197,100,0.507614,0.001399
20260711_205559_azslan,user3,আ,252,125,0.496032,0.002966
20260711_205630_gydvnp,user3,আ,198,92,0.464646,0.002844
20260711_205707_n57400,user3,আ,157,60,0.382166,0.001131
20260711_205748_usnulf,user3,আ,235,114,0.485106,0.005905
20260711_211455_ab7vb3,user4,অ,535,468,0.874766,0.037887
20260711_214733_y28o8p,user4,অ,651,603,0.926267,0.036099
20260711_214747_h8ad4n,user4,অ,556,519,0.933453,0.146061
20260711_214802_iotb3d,user4,অ,459,431,0.938998,0.046761
20260711_214818_1kqyjw,user4,অ,540,507,0.938889,0.054558
20260711_214838_nmfk2j,user4,অ,760,725,0.953947,0.053803
20260711_214856_wh1jdl,user4,অ,641,584,0.911076,0.180489
20260711_214912_5jyzoq,user4,অ,688,651,0.946221,0.048162
20260711_215025_9ahjj1,user4,অ,782,732,0.936061,0.084363
20260711_215040_totmvz,user4,অ,516,475,0.920543,0.053171
20260711_215057_m3q3bw,user4,অ,942,877,0.930998,0.085215
20260711_215120_wa3iw4,user4,অ,801,745,0.930087,0.057094
20260711_215140_jzmdn9,user4,অ,960,846,0.88125,0.058591
20260711_215153_8dj6mi,user4,অ,570,526,0.922807,0.095383
20260711_215210_14cuph,user4,অ,840,775,0.922619,0.174726
20260711_215224_s1nefb,user4,অ,576,550,0.954861,0.199886
20260711_211553_8q738s,user4,আ,655,590,0.900763,0.051796
20260711_215326_rdw0i7,user4,আ,875,827,0.945143,0.26286
20260711_215355_gtir0d,user4,আ,760,711,0.935526,0.122911
20260711_215413_4z3pac,user4,আ,732,684,0.934426,0.08019
20260711_215505_noe4fp,user4,আ,840,791,0.941667,0.065004
20260711_215527_oaoi6c,user4,আ,1234,1157,0.937601,0.071977
20260711_215554_41w3p4,user4,আ,1344,1259,0.936756,0.067615
20260711_215623_q6sua3,user4,আ,828,770,0.929952,0.060079
20260711_215646_y25z4x,user4,আ,818,747,0.913203,0.096932
20260711_215701_i0we24,user4,আ,682,613,0.898827,0.035981
20260711_215719_fym8k2,user4,আ,928,860,0.926724,0.128521
20260711_215732_e3wli4,user4,আ,585,538,0.919658,0.039196
20260711_215746_pw5glc,user4,আ,827,772,0.933495,0.038612
20260711_215803_gtb1nz,user4,আ,964,894,0.927386,0.08195
20260711_215826_09me7o,user4,আ,1680,1561,0.929167,0.061976
20260711_215850_2a6qfe,user4,আ,1385,1284,0.927076,0.071334
20260711_211613_pni7yl,user4,ই,428,398,0.929907,0.051546
20260711_211631_omhqof,user4,ই,474,417,0.879747,0.044384
20260711_215916_5xq3ym,user4,ই,802,736,0.917706,0.473438
20260711_215928_ckxbi5,user4,ই,519,470,0.905588,0.022608
20260711_215945_ovgs11,user4,ই,767,701,0.91395,0.101265
20260711_215959_axw0jl,user4,ই,604,558,0.923841,0.06236
20260711_220013_x16qxh,user4,ই,504,449,0.890873,0.026083
20260711_220027_1j40u6,user4,ই,617,553,0.896272,0.023889
20260711_220043_yyhe4o,user4,ই,685,604,0.881752,0.058516
20260711_220058_6cy90j,user4,ই,694,633,0.912104,0.032451
20260711_220112_94lc88,user4,ই,712,651,0.914326,0.045434
20260711_220132_3b6d70,user4,ই,886,780,0.880361,0.153333
20260711_220151_kjuuzh,user4,ই,568,528,0.929577,0.053412
20260711_220205_cr3boy,user4,ই,649,589,0.90755,0.023076
20260711_220217_85rgxu,user4,ই,412,368,0.893204,0.059833
20260711_220235_4uai7u,user4,ই,578,512,0.885813,0.060869
20260711_220308_e7l7wm,user4,ই,860,781,0.90814,0.0873
20260711_220404_itceug,user4,ঈ,939,847,0.902023,0.095231
20260711_220444_r35mfs,user4,ঈ,784,695,0.88648,0.972208
20260711_220519_ila5ji,user4,ঈ,973,927,0.952724,0.341417
20260711_220543_7o5bd0,user4,ঈ,1129,1036,0.917626,0.117726
20260711_220606_essesa,user4,ঈ,782,692,0.88491,0.065688
20260711_220641_ufswp1,user4,ঈ,940,842,0.895745,0.033578
20260711_220701_y1rftt,user4,ঈ,881,807,0.916005,0.081724
20260711_220721_h9k2mi,user4,ঈ,1044,946,0.90613,0.094389
20260711_220738_j2qzn6,user4,ঈ,1040,955,0.918269,0.065979
20260711_220751_axw80l,user4,ঈ,659,603,0.915023,0.091996
20260711_220807_mldxj2,user4,ঈ,776,691,0.890464,0.062477
20260711_220822_wgaxvc,user4,ঈ,802,723,0.901496,0.080402
20260711_220837_dby4gx,user4,ঈ,757,683,0.902246,0.050013
20260711_220850_xo5kch,user4,ঈ,660,615,0.931818,0.094741
20260711_220906_ehc737,user4,ঈ,811,760,0.937115,0.092046
20260711_212007_ir5oy0,user5,অ,218,105,0.481651,0.008237
20260711_212041_5epna1,user5,আ,430,291,0.676744,0.039912
20260711_212113_u1rqpt,user5,ই,192,97,0.505208,0.004281
20260711_212139_uwdx5l,user5,ঈ,256,122,0.476562,0.001714
