sample_id,user_id,label,accepted,json_path,image_path,video_path,created_at,raw_points
20260703_231939_jmltkn,user1,অ,True,output/user1/অ/অ_20260703_231939_jmltkn.json,output/user1/অ/অ_20260703_231939_jmltkn.png,output/user1/অ/অ_20260703_231939_jmltkn.mp4,2026-07-03T17:19:39.900Z,102
20260704_230134_0i7e7o,user1,অ,True,output/user1/অ/অ_20260704_230134_0i7e7o.json,output/user1/অ/অ_20260704_230134_0i7e7o.png,output/user1/অ/অ_20260704_230134_0i7e7o.mp4,2026-07-04T17:01:34.908Z,143
20260704_230207_s0bru0,user1,অ,True,output/user1/অ/অ_20260704_230207_s0bru0.json,output/user1/অ/অ_20260704_230207_s0bru0.png,output/user1/অ/অ_20260704_230207_s0bru0.mp4,2026-07-04T17:02:07.349Z,131
20260704_230243_20ggrl,user1,অ,True,output/user1/অ/অ_20260704_230243_20ggrl.json,output/user1/অ/অ_20260704_230243_20ggrl.png,output/user1/অ/অ_20260704_230243_20ggrl.mp4,2026-07-04T17:02:43.933Z,218
20260704_230314_biogka,user1,অ,True,output/user1/অ/অ_20260704_230314_biogka.json,output/user1/অ/অ_20260704_230314_biogka.png,output/user1/অ/অ_20260704_230314_biogka.mp4,2026-07-04T17:03:14.419Z,169
20260704_230343_z76un4,user1,অ,True,output/user1/অ/অ_20260704_230343_z76un4.json,output/user1/অ/অ_20260704_230343_z76un4.png,output/user1/অ/অ_20260704_230343_z76un4.mp4,2026-07-04T17:03:43.455Z,219
20260704_230438_1by20a,user1,অ,True,output/user1/অ/অ_20260704_230438_1by20a.json,output/user1/অ/অ_20260704_230438_1by20a.png,output/user1/অ/অ_20260704_230438_1by20a.mp4,2026-07-04T17:04:38.004Z,173
20260704_230508_zz8agk,user1,অ,True,output/user1/অ/অ_20260704_230508_zz8agk.json,output/user1/অ/অ_20260704_230508_zz8agk.png,output/user1/অ/অ_20260704_230508_zz8agk.mp4,2026-07-04T17:05:08.436Z,206
20260704_230530_8783vw,user1,অ,True,output/user1/অ/অ_20260704_230530_8783vw.json,output/user1/অ/অ_20260704_230530_8783vw.png,output/user1/অ/অ_20260704_230530_8783vw.mp4,2026-07-04T17:05:30.652Z,167
20260704_230601_9fuwl5,user1,অ,True,output/user1/অ/অ_20260704_230601_9fuwl5.json,output/user1/অ/অ_20260704_230601_9fuwl5.png,output/user1/অ/অ_20260704_230601_9fuwl5.mp4,2026-07-04T17:06:01.169Z,183
20260704_230631_iep9zz,user1,অ,True,output/user1/অ/অ_20260704_230631_iep9zz.json,output/user1/অ/অ_20260704_230631_iep9zz.png,output/user1/অ/অ_20260704_230631_iep9zz.mp4,2026-07-04T17:06:31.754Z,186
20260709_222041_giojuy,user1,অ,True,output/user1/অ/অ_20260709_222041_giojuy.json,output/user1/অ/অ_20260709_222041_giojuy.png,output/user1/অ/অ_20260709_222041_giojuy.mp4,2026-07-09T16:20:41.439Z,163
20260704_230720_4nlmlz,user1,আ,True,output/user1/আ/আ_20260704_230720_4nlmlz.json,output/user1/আ/আ_20260704_230720_4nlmlz.png,output/user1/আ/আ_20260704_230720_4nlmlz.mp4,2026-07-04T17:07:20.785Z,223
20260704_230748_cofjqd,user1,আ,True,output/user1/আ/আ_20260704_230748_cofjqd.json,output/user1/আ/আ_20260704_230748_cofjqd.png,output/user1/আ/আ_20260704_230748_cofjqd.mp4,2026-07-04T17:07:48.960Z,197
20260704_230823_p4djtm,user1,আ,True,output/user1/আ/আ_20260704_230823_p4djtm.json,output/user1/আ/আ_20260704_230823_p4djtm.png,output/user1/আ/আ_20260704_230823_p4djtm.mp4,2026-07-04T17:08:23.458Z,264
20260704_230900_jm6b9y,user1,আ,True,output/user1/আ/আ_20260704_230900_jm6b9y.json,output/user1/আ/আ_20260704_230900_jm6b9y.png,output/user1/আ/আ_20260704_230900_jm6b9y.mp4,2026-07-04T17:09:00.548Z,299
20260704_230941_ogdcp4,user1,আ,True,output/user1/আ/আ_20260704_230941_ogdcp4.json,output/user1/আ/আ_20260704_230941_ogdcp4.png,output/user1/আ/আ_20260704_230941_ogdcp4.mp4,2026-07-04T17:09:41.134Z,277
20260704_231010_4ha6y7,user1,আ,True,output/user1/আ/আ_20260704_231010_4ha6y7.json,output/user1/আ/আ_20260704_231010_4ha6y7.png,output/user1/আ/আ_20260704_231010_4ha6y7.mp4,2026-07-04T17:10:10.093Z,266
20260728_232136_0wkg0v,user1,আ,True,output/user1/আ/আ_20260728_232136_0wkg0v.json,output/user1/আ/আ_20260728_232136_0wkg0v.png,output/user1/আ/আ_20260728_232136_0wkg0v.mp4,2026-07-28T17:21:36.892Z,215
20260728_232203_7c77zv,user1,আ,True,output/user1/আ/আ_20260728_232203_7c77zv.json,output/user1/আ/আ_20260728_232203_7c77zv.png,output/user1/আ/আ_20260728_232203_7c77zv.mp4,2026-07-28T17:22:03.534Z,236
20260728_232238_kgwkds,user1,আ,True,output/user1/আ/আ_20260728_232238_kgwkds.json,output/user1/আ/আ_20260728_232238_kgwkds.png,output/user1/আ/আ_20260728_232238_kgwkds.mp4,2026-07-28T17:22:38.909Z,334
20260728_232316_s2ep8l,user1,আ,True,output/user1/আ/আ_20260728_232316_s2ep8l.json,output/user1/আ/আ_20260728_232316_s2ep8l.png,output/user1/আ/আ_20260728_232316_s2ep8l.mp4,2026-07-28T17:23:16.011Z,281
20260705_210750_hp0ub6,user1,ই,True,output/user1/ই/ই_20260705_210750_hp0ub6.json,output/user1/ই/ই_20260705_210750_hp0ub6.png,output/user1/ই/ই_20260705_210750_hp0ub6.mp4,2026-07-05T15:07:50.100Z,189
20260705_210817_cpe63z,user1,ই,True,output/user1/ই/ই_20260705_210817_cpe63z.json,output/user1/ই/ই_20260705_210817_cpe63z.png,output/user1/ই/ই_20260705_210817_cpe63z.mp4,2026-07-05T15:08:17.145Z,245
20260705_210847_8d63gb,user1,ই,True,output/user1/ই/ই_20260705_210847_8d63gb.json,output/user1/ই/ই_20260705_210847_8d63gb.png,output/user1/ই/ই_20260705_210847_8d63gb.mp4,2026-07-05T15:08:47.954Z,230
20260705_210914_6z0wyv,user1,ই,True,output/user1/ই/ই_20260705_210914_6z0wyv.json,output/user1/ই/ই_20260705_210914_6z0wyv.png,output/user1/ই/ই_20260705_210914_6z0wyv.mp4,2026-07-05T15:09:14.890Z,171
20260705_211104_cee4mp,user1,ই,True,output/user1/ই/ই_20260705_211104_cee4mp.json,output/user1/ই/ই_20260705_211104_cee4mp.png,output/user1/ই/ই_20260705_211104_cee4mp.mp4,2026-07-05T15:11:04.637Z,222
20260705_211129_q9xd7j,user1,ই,True,output/user1/ই/ই_20260705_211129_q9xd7j.json,output/user1/ই/ই_20260705_211129_q9xd7j.png,output/user1/ই/ই_20260705_211129_q9xd7j.mp4,2026-07-05T15:11:29.635Z,158
20260705_211202_fwdefr,user1,ই,True,output/user1/ই/ই_20260705_211202_fwdefr.json,output/user1/ই/ই_20260705_211202_fwdefr.png,output/user1/ই/ই_20260705_211202_fwdefr.mp4,2026-07-05T15:12:02.571Z,238
20260705_211229_nco6f5,user1,ই,True,output/user1/ই/ই_20260705_211229_nco6f5.json,output/user1/ই/ই_20260705_211229_nco6f5.png,output/user1/ই/ই_20260705_211229_nco6f5.mp4,2026-07-05T15:12:29.901Z,192
20260705_211257_5zxk15,user1,ই,True,output/user1/ই/ই_20260705_211257_5zxk15.json,output/user1/ই/ই_20260705_211257_5zxk15.png,output/user1/ই/ই_20260705_211257_5zxk15.mp4,2026-07-05T15:12:57.301Z,193
20260705_211324_69n6hy,user1,ই,True,output/user1/ই/ই_20260705_211324_69n6hy.json,output/user1/ই/ই_20260705_211324_69n6hy.png,output/user1/ই/ই_20260705_211324_69n6hy.mp4,2026-07-05T15:13:24.464Z,240
20260705_213721_6edrqn,user1,ঈ,True,output/user1/ঈ/ঈ_20260705_213721_6edrqn.json,output/user1/ঈ/ঈ_20260705_213721_6edrqn.png,output/user1/ঈ/ঈ_20260705_213721_6edrqn.mp4,2026-07-05T15:37:21.634Z,224
20260705_213804_scynf9,user1,ঈ,True,output/user1/ঈ/ঈ_20260705_213804_scynf9.json,output/user1/ঈ/ঈ_20260705_213804_scynf9.png,output/user1/ঈ/ঈ_20260705_213804_scynf9.mp4,2026-07-05T15:38:04.513Z,215
20260705_213852_tuebtl,user1,ঈ,True,output/user1/ঈ/ঈ_20260705_213852_tuebtl.json,output/user1/ঈ/ঈ_20260705_213852_tuebtl.png,output/user1/ঈ/ঈ_20260705_213852_tuebtl.mp4,2026-07-05T15:38:52.607Z,289
20260705_213943_7qqvt7,user1,ঈ,True,output/user1/ঈ/ঈ_20260705_213943_7qqvt7.json,output/user1/ঈ/ঈ_20260705_213943_7qqvt7.png,output/user1/ঈ/ঈ_20260705_213943_7qqvt7.mp4,2026-07-05T15:39:43.527Z,200
20260705_214029_z7ddbl,user1,ঈ,True,output/user1/ঈ/ঈ_20260705_214029_z7ddbl.json,output/user1/ঈ/ঈ_20260705_214029_z7ddbl.png,output/user1/ঈ/ঈ_20260705_214029_z7ddbl.mp4,2026-07-05T15:40:29.331Z,344
20260705_214107_b894ld,user1,ঈ,True,output/user1/ঈ/ঈ_20260705_214107_b894ld.json,output/user1/ঈ/ঈ_20260705_214107_b894ld.png,output/user1/ঈ/ঈ_20260705_214107_b894ld.mp4,2026-07-05T15:41:07.880Z,238
20260705_215457_yruoxw,user1,ঈ,True,output/user1/ঈ/ঈ_20260705_215457_yruoxw.json,output/user1/ঈ/ঈ_20260705_215457_yruoxw.png,output/user1/ঈ/ঈ_20260705_215457_yruoxw.mp4,2026-07-05T15:54:57.909Z,246
20260705_215539_dr61qv,user1,ঈ,True,output/user1/ঈ/ঈ_20260705_215539_dr61qv.json,output/user1/ঈ/ঈ_20260705_215539_dr61qv.png,output/user1/ঈ/ঈ_20260705_215539_dr61qv.mp4,2026-07-05T15:55:39.424Z,236
20260705_215654_07cd7w,user1,ঈ,True,output/user1/ঈ/ঈ_20260705_215654_07cd7w.json,output/user1/ঈ/ঈ_20260705_215654_07cd7w.png,output/user1/ঈ/ঈ_20260705_215654_07cd7w.mp4,2026-07-05T15:56:54.824Z,249
20260705_215745_i5n9h7,user1,ঈ,True,output/user1/ঈ/ঈ_20260705_215745_i5n9h7.json,output/user1/ঈ/ঈ_20260705_215745_i5n9h7.png,output/user1/ঈ/ঈ_20260705_215745_i5n9h7.mp4,2026-07-05T15:57:45.837Z,322
20260704_232121_lcxi4y,user2,অ,True,output/user2/অ/অ_20260704_232121_lcxi4y.json,output/user2/অ/অ_20260704_232121_lcxi4y.png,output/user2/অ/অ_20260704_232121_lcxi4y.mp4,2026-07-04T17:21:21.362Z,1033
20260704_232412_nr23lb,user2,অ,True,output/user2/অ/অ_20260704_232412_nr23lb.json,,output/user2/অ/অ_20260704_232412_nr23lb.mp4,2026-07-04T17:24:12.923Z,245
20260705_165947_rrdvxz,user2,অ,True,output/user2/অ/অ_20260705_165947_rrdvxz.json,,output/user2/অ/অ_20260705_165947_rrdvxz.mp4,2026-07-05T10:59:47.885Z,57
20260705_170029_180ejw,user2,অ,True,output/user2/অ/অ_20260705_170029_180ejw.json,,output/user2/অ/অ_20260705_170029_180ejw.mp4,2026-07-05T11:00:29.756Z,72
20260705_170128_b1n6nu,user2,অ,True,output/user2/অ/অ_20260705_170128_b1n6nu.json,,output/user2/অ/অ_20260705_170128_b1n6nu.mp4,2026-07-05T11:01:28.223Z,68
20260705_170207_eb9cjm,user2,অ,True,output/user2/অ/অ_20260705_170207_eb9cjm.json,,output/user2/অ/অ_20260705_170207_eb9cjm.mp4,2026-07-05T11:02:07.114Z,73
20260705_170248_sf7fcw,user2,অ,True,output/user2/অ/অ_20260705_170248_sf7fcw.json,,output/user2/অ/অ_20260705_170248_sf7fcw.mp4,2026-07-05T11:02:48.473Z,64
20260728_232630_znnts0,user2,অ,True,output/user2/অ/অ_20260728_232630_znnts0.json,output/user2/অ/অ_20260728_232630_znnts0.png,output/user2/অ/অ_20260728_232630_znnts0.mp4,2026-07-28T17:26:30.994Z,187
20260728_232652_hdsmyh,user2,অ,True,output/user2/অ/অ_20260728_232652_hdsmyh.json,output/user2/অ/অ_20260728_232652_hdsmyh.png,output/user2/অ/অ_20260728_232652_hdsmyh.mp4,2026-07-28T17:26:52.983Z,180
20260728_232714_hincfq,user2,অ,True,output/user2/অ/অ_20260728_232714_hincfq.json,output/user2/অ/অ_20260728_232714_hincfq.png,output/user2/অ/অ_20260728_232714_hincfq.mp4,2026-07-28T17:27:14.986Z,141
20260728_232741_j1gvgu,user2,অ,True,output/user2/অ/অ_20260728_232741_j1gvgu.json,output/user2/অ/অ_20260728_232741_j1gvgu.png,output/user2/অ/অ_20260728_232741_j1gvgu.mp4,2026-07-28T17:27:41.808Z,207
20260704_232148_mqf5ea,user2,আ,True,output/user2/আ/আ_20260704_232148_mqf5ea.json,output/user2/আ/আ_20260704_232148_mqf5ea.png,output/user2/আ/আ_20260704_232148_mqf5ea.mp4,2026-07-04T17:21:48.080Z,1137
20260705_170410_psx32h,user2,আ,True,output/user2/আ/আ_20260705_170410_psx32h.json,,output/user2/আ/আ_20260705_170410_psx32h.mp4,2026-07-05T11:04:10.098Z,90
20260705_170459_x9acwr,user2,আ,True,output/user2/আ/আ_20260705_170459_x9acwr.json,,output/user2/আ/আ_20260705_170459_x9acwr.mp4,2026-07-05T11:04:59.461Z,96
20260705_170542_0shybi,user2,আ,True,output/user2/আ/আ_20260705_170542_0shybi.json,,output/user2/আ/আ_20260705_170542_0shybi.mp4,2026-07-05T11:05:42.117Z,83
20260705_170622_0o9xio,user2,আ,True,output/user2/আ/আ_20260705_170622_0o9xio.json,,output/user2/আ/আ_20260705_170622_0o9xio.mp4,2026-07-05T11:06:22.858Z,95
20260705_170735_cbvyrc,user2,আ,True,output/user2/আ/আ_20260705_170735_cbvyrc.json,,output/user2/আ/আ_20260705_170735_cbvyrc.mp4,2026-07-05T11:07:35.746Z,126
20260728_232436_9i4gi8,user2,আ,True,output/user2/আ/আ_20260728_232436_9i4gi8.json,output/user2/আ/আ_20260728_232436_9i4gi8.png,output/user2/আ/আ_20260728_232436_9i4gi8.mp4,2026-07-28T17:24:36.846Z,256
20260728_232459_m6l3cf,user2,আ,True,output/user2/আ/আ_20260728_232459_m6l3cf.json,output/user2/আ/আ_20260728_232459_m6l3cf.png,output/user2/আ/আ_20260728_232459_m6l3cf.mp4,2026-07-28T17:24:59.419Z,161
20260728_232520_l4uaan,user2,আ,True,output/user2/আ/আ_20260728_232520_l4uaan.json,output/user2/আ/আ_20260728_232520_l4uaan.png,output/user2/আ/আ_20260728_232520_l4uaan.mp4,2026-07-28T17:25:20.068Z,169
20260728_232556_dwfz7c,user2,আ,True,output/user2/আ/আ_20260728_232556_dwfz7c.json,output/user2/আ/আ_20260728_232556_dwfz7c.png,output/user2/আ/আ_20260728_232556_dwfz7c.mp4,2026-07-28T17:25:56.282Z,168
20260704_232218_jf6rio,user2,ই,True,output/user2/ই/ই_20260704_232218_jf6rio.json,output/user2/ই/ই_20260704_232218_jf6rio.png,output/user2/ই/ই_20260704_232218_jf6rio.mp4,2026-07-04T17:22:18.145Z,575
20260705_170839_hkwvju,user2,ই,True,output/user2/ই/ই_20260705_170839_hkwvju.json,,output/user2/ই/ই_20260705_170839_hkwvju.mp4,2026-07-05T11:08:39.636Z,56
20260705_170951_aziiah,user2,ই,True,output/user2/ই/ই_20260705_170951_aziiah.json,,output/user2/ই/ই_20260705_170951_aziiah.mp4,2026-07-05T11:09:51.265Z,62
20260705_171029_5ftejq,user2,ই,True,output/user2/ই/ই_20260705_171029_5ftejq.json,,output/user2/ই/ই_20260705_171029_5ftejq.mp4,2026-07-05T11:10:29.557Z,68
20260705_171118_evwpn3,user2,ই,True,output/user2/ই/ই_20260705_171118_evwpn3.json,,output/user2/ই/ই_20260705_171118_evwpn3.mp4,2026-07-05T11:11:18.861Z,82
20260705_171155_wvydfy,user2,ই,True,output/user2/ই/ই_20260705_171155_wvydfy.json,,output/user2/ই/ই_20260705_171155_wvydfy.mp4,2026-07-05T11:11:55.722Z,58
20260728_232810_781yo6,user2,ই,True,output/user2/ই/ই_20260728_232810_781yo6.json,output/user2/ই/ই_20260728_232810_781yo6.png,output/user2/ই/ই_20260728_232810_781yo6.mp4,2026-07-28T17:28:10.461Z,137
20260728_232836_pvgrxn,user2,ই,True,output/user2/ই/ই_20260728_232836_pvgrxn.json,output/user2/ই/ই_20260728_232836_pvgrxn.png,output/user2/ই/ই_20260728_232836_pvgrxn.mp4,2026-07-28T17:28:36.067Z,156
20260728_233118_pcjncu,user2,ই,True,output/user2/ই/ই_20260728_233118_pcjncu.json,output/user2/ই/ই_20260728_233118_pcjncu.png,output/user2/ই/ই_20260728_233118_pcjncu.mp4,2026-07-28T17:31:18.504Z,221
20260728_233205_n417cm,user2,ই,True,output/user2/ই/ই_20260728_233205_n417cm.json,output/user2/ই/ই_20260728_233205_n417cm.png,output/user2/ই/ই_20260728_233205_n417cm.mp4,2026-07-28T17:32:05.957Z,176
20260704_232243_1fsapx,user2,ঈ,True,output/user2/ঈ/ঈ_20260704_232243_1fsapx.json,output/user2/ঈ/ঈ_20260704_232243_1fsapx.png,output/user2/ঈ/ঈ_20260704_232243_1fsapx.mp4,2026-07-04T17:22:43.813Z,1051
20260705_171259_dluym7,user2,ঈ,True,output/user2/ঈ/ঈ_20260705_171259_dluym7.json,,output/user2/ঈ/ঈ_20260705_171259_dluym7.mp4,2026-07-05T11:12:59.415Z,82
20260705_171351_vkunfn,user2,ঈ,True,output/user2/ঈ/ঈ_20260705_171351_vkunfn.json,,output/user2/ঈ/ঈ_20260705_171351_vkunfn.mp4,2026-07-05T11:13:51.872Z,79
20260705_171438_jgev7f,user2,ঈ,True,output/user2/ঈ/ঈ_20260705_171438_jgev7f.json,,output/user2/ঈ/ঈ_20260705_171438_jgev7f.mp4,2026-07-05T11:14:38.670Z,99
20260705_171525_i5t1b0,user2,ঈ,True,output/user2/ঈ/ঈ_20260705_171525_i5t1b0.json,,output/user2/ঈ/ঈ_20260705_171525_i5t1b0.mp4,2026-07-05T11:15:25.978Z,85
20260705_171647_x9r778,user2,ঈ,True,output/user2/ঈ/ঈ_20260705_171647_x9r778.json,,output/user2/ঈ/ঈ_20260705_171647_x9r778.mp4,2026-07-05T11:16:47.666Z,73
20260725_213216_j99456,user2,ঈ,True,output/user2/ঈ/ঈ_20260725_213216_j99456.json,,output/user2/ঈ/ঈ_20260725_213216_j99456.mp4,2026-07-25T15:32:16.273Z,80
20260728_233238_q39ioy,user2,ঈ,True,output/user2/ঈ/ঈ_20260728_233238_q39ioy.json,output/user2/ঈ/ঈ_20260728_233238_q39ioy.png,output/user2/ঈ/ঈ_20260728_233238_q39ioy.mp4,2026-07-28T17:32:38.672Z,144
20260728_233302_e8k0ge,user2,ঈ,True,output/user2/ঈ/ঈ_20260728_233302_e8k0ge.json,output/user2/ঈ/ঈ_20260728_233302_e8k0ge.png,output/user2/ঈ/ঈ_20260728_233302_e8k0ge.mp4,2026-07-28T17:33:02.980Z,186
20260728_233333_nvf18a,user2,ঈ,True,output/user2/ঈ/ঈ_20260728_233333_nvf18a.json,output/user2/ঈ/ঈ_20260728_233333_nvf18a.png,output/user2/ঈ/ঈ_20260728_233333_nvf18a.mp4,2026-07-28T17:33:33.051Z,258
20260728_233359_9wg8n4,user2,ঈ,True,output/user2/ঈ/ঈ_20260728_233359_9wg8n4.json,output/user2/ঈ/ঈ_20260728_233359_9wg8n4.png,output/user2/ঈ/ঈ_20260728_233359_9wg8n4.mp4,2026-07-28T17:33:59.720Z,218
20260711_200812_18txgi,user3,অ,True,output/user3/অ/অ_20260711_200812_18txgi.json,output/user3/অ/অ_20260711_200812_18txgi.png,output/user3/অ/অ_20260711_200812_18txgi.mp4,2026-07-11T14:08:12.108Z,187
20260711_200917_z1na4w,user3,অ,True,output/user3/অ/অ_20260711_200917_z1na4w.json,output/user3/অ/অ_20260711_200917_z1na4w.png,output/user3/অ/অ_20260711_200917_z1na4w.mp4,2026-07-11T14:09:17.809Z,240
20260711_200954_0muns4,user3,অ,True,output/user3/অ/অ_20260711_200954_0muns4.json,output/user3/অ/অ_20260711_200954_0muns4.png,output/user3/অ/অ_20260711_200954_0muns4.mp4,2026-07-11T14:09:54.248Z,229
20260711_201110_jw6cqh,user3,অ,True,output/user3/অ/অ_20260711_201110_jw6cqh.json,output/user3/অ/অ_20260711_201110_jw6cqh.png,output/user3/অ/অ_20260711_201110_jw6cqh.mp4,2026-07-11T14:11:10.932Z,181
20260711_201208_6ylgz1,user3,অ,True,output/user3/অ/অ_20260711_201208_6ylgz1.json,output/user3/অ/অ_20260711_201208_6ylgz1.png,output/user3/অ/অ_20260711_201208_6ylgz1.mp4,2026-07-11T14:12:08.535Z,226
20260711_201526_9elfv0,user3,অ,True,output/user3/অ/অ_20260711_201526_9elfv0.json,output/user3/অ/অ_20260711_201526_9elfv0.png,output/user3/অ/অ_20260711_201526_9elfv0.mp4,2026-07-11T14:15:26.348Z,218
20260711_201609_iv7642,user3,অ,True,output/user3/অ/অ_20260711_201609_iv7642.json,output/user3/অ/অ_20260711_201609_iv7642.png,output/user3/অ/অ_20260711_201609_iv7642.mp4,2026-07-11T14:16:09.284Z,201
20260711_201811_0znu6g,user3,অ,True,output/user3/অ/অ_20260711_201811_0znu6g.json,output/user3/অ/অ_20260711_201811_0znu6g.png,output/user3/অ/অ_20260711_201811_0znu6g.mp4,2026-07-11T14:18:11.166Z,199
20260711_201916_nc9ara,user3,অ,True,output/user3/অ/অ_20260711_201916_nc9ara.json,output/user3/অ/অ_20260711_201916_nc9ara.png,output/user3/অ/অ_20260711_201916_nc9ara.mp4,2026-07-11T14:19:16.889Z,126
20260711_201953_sai9ew,user3,অ,True,output/user3/অ/অ_20260711_201953_sai9ew.json,output/user3/অ/অ_20260711_201953_sai9ew.png,output/user3/অ/অ_20260711_201953_sai9ew.mp4,2026-07-11T14:19:53.452Z,244
20260711_202025_bntr0i,user3,অ,True,output/user3/অ/অ_20260711_202025_bntr0i.json,output/user3/অ/অ_20260711_202025_bntr0i.png,output/user3/অ/অ_20260711_202025_bntr0i.mp4,2026-07-11T14:20:25.830Z,199
20260711_202714_mwa7m1,user3,অ,True,output/user3/অ/অ_20260711_202714_mwa7m1.json,output/user3/অ/অ_20260711_202714_mwa7m1.png,output/user3/অ/অ_20260711_202714_mwa7m1.mp4,2026-07-11T14:27:14.175Z,172
20260711_202846_kmy51g,user3,অ,True,output/user3/অ/অ_20260711_202846_kmy51g.json,output/user3/অ/অ_20260711_202846_kmy51g.png,output/user3/অ/অ_20260711_202846_kmy51g.mp4,2026-07-11T14:28:46.080Z,124
20260711_203013_i4o0om,user3,অ,True,output/user3/অ/অ_20260711_203013_i4o0om.json,output/user3/অ/অ_20260711_203013_i4o0om.png,output/user3/অ/অ_20260711_203013_i4o0om.mp4,2026-07-11T14:30:13.619Z,179
20260711_203112_15gnzj,user3,অ,True,output/user3/অ/অ_20260711_203112_15gnzj.json,output/user3/অ/অ_20260711_203112_15gnzj.png,output/user3/অ/অ_20260711_203112_15gnzj.mp4,2026-07-11T14:31:12.769Z,157
20260711_205524_jbk5pv,user3,আ,True,output/user3/আ/আ_20260711_205524_jbk5pv.json,output/user3/আ/আ_20260711_205524_jbk5pv.png,output/user3/আ/আ_20260711_205524_jbk5pv.mp4,2026-07-11T14:55:24.081Z,197
20260711_205559_azslan,user3,আ,True,output/user3/আ/আ_20260711_205559_azslan.json,output/user3/আ/আ_20260711_205559_azslan.png,output/user3/আ/আ_20260711_205559_azslan.mp4,2026-07-11T14:55:59.310Z,252
20260711_205630_gydvnp,user3,আ,True,output/user3/আ/আ_20260711_205630_gydvnp.json,output/user3/আ/আ_20260711_205630_gydvnp.png,output/user3/আ/আ_20260711_205630_gydvnp.mp4,2026-07-11T14:56:30.248Z,198
20260711_205707_n57400,user3,আ,True,output/user3/আ/আ_20260711_205707_n57400.json,output/user3/আ/আ_20260711_205707_n57400.png,output/user3/আ/আ_20260711_205707_n57400.mp4,2026-07-11T14:57:07.290Z,157
20260711_205748_usnulf,user3,আ,True,output/user3/আ/আ_20260711_205748_usnulf.json,output/user3/আ/আ_20260711_205748_usnulf.png,output/user3/আ/আ_20260711_205748_usnulf.mp4,2026-07-11T14:57:48.897Z,235
20260711_211455_ab7vb3,user4,অ,True,output/user4/অ/অ_20260711_211455_ab7vb3.json,output/user4/অ/অ_20260711_211455_ab7vb3.png,output/user4/অ/অ_20260711_211455_ab7vb3.mp4,2026-07-11T15:14:55.509Z,535
20260711_214733_y28o8p,user4,অ,True,output/user4/অ/অ_20260711_214733_y28o8p.json,output/user4/অ/অ_20260711_214733_y28o8p.png,output/user4/অ/অ_20260711_214733_y28o8p.mp4,2026-07-11T15:47:33.695Z,651
20260711_214747_h8ad4n,user4,অ,True,output/user4/অ/অ_20260711_214747_h8ad4n.json,output/user4/অ/অ_20260711_214747_h8ad4n.png,output/user4/অ/অ_20260711_214747_h8ad4n.mp4,2026-07-11T15:47:47.213Z,556
20260711_214802_iotb3d,user4,অ,True,output/user4/অ/অ_20260711_214802_iotb3d.json,output/user4/অ/অ_20260711_214802_iotb3d.png,output/user4/অ/অ_20260711_214802_iotb3d.mp4,2026-07-11T15:48:02.538Z,459
20260711_214818_1kqyjw,user4,অ,True,output/user4/অ/অ_20260711_214818_1kqyjw.json,output/user4/অ/অ_20260711_214818_1kqyjw.png,output/user4/অ/অ_20260711_214818_1kqyjw.mp4,2026-07-11T15:48:18.989Z,540
20260711_214838_nmfk2j,user4,অ,True,output/user4/অ/অ_20260711_214838_nmfk2j.json,output/user4/অ/অ_20260711_214838_nmfk2j.png,output/user4/অ/অ_20260711_214838_nmfk2j.mp4,2026-07-11T15:48:38.039Z,760
20260711_214856_wh1jdl,user4,অ,True,output/user4/অ/অ_20260711_214856_wh1jdl.json,output/user4/অ/অ_20260711_214856_wh1jdl.png,output/user4/অ/অ_20260711_214856_wh1jdl.mp4,2026-07-11T15:48:56.618Z,641
20260711_214912_5jyzoq,user4,অ,True,output/user4/অ/অ_20260711_214912_5jyzoq.json,output/user4/অ/অ_20260711_214912_5jyzoq.png,output/user4/অ/অ_20260711_214912_5jyzoq.mp4,2026-07-11T15:49:12.892Z,688
20260711_215025_9ahjj1,user4,অ,True,output/user4/অ/অ_20260711_215025_9ahjj1.json,output/user4/অ/অ_20260711_215025_9ahjj1.png,output/user4/অ/অ_20260711_215025_9ahjj1.mp4,2026-07-11T15:50:25.341Z,782
20260711_215040_totmvz,user4,অ,True,output/user4/অ/অ_20260711_215040_totmvz.json,output/user4/অ/অ_20260711_215040_totmvz.png,output/user4/অ/অ_20260711_215040_totmvz.mp4,2026-07-11T15:50:40.861Z,516
20260711_215057_m3q3bw,user4,অ,True,output/user4/অ/অ_20260711_215057_m3q3bw.json,output/user4/অ/অ_20260711_215057_m3q3bw.png,output/user4/অ/অ_20260711_215057_m3q3bw.mp4,2026-07-11T15:50:57.781Z,942
20260711_215120_wa3iw4,user4,অ,True,output/user4/অ/অ_20260711_215120_wa3iw4.json,output/user4/অ/অ_20260711_215120_wa3iw4.png,output/user4/অ/অ_20260711_215120_wa3iw4.mp4,2026-07-11T15:51:20.891Z,801
20260711_215140_jzmdn9,user4,অ,True,output/user4/অ/অ_20260711_215140_jzmdn9.json,output/user4/অ/অ_20260711_215140_jzmdn9.png,output/user4/অ/অ_20260711_215140_jzmdn9.mp4,2026-07-11T15:51:40.201Z,960
20260711_215153_8dj6mi,user4,অ,True,output/user4/অ/অ_20260711_215153_8dj6mi.json,output/user4/অ/অ_20260711_215153_8dj6mi.png,output/user4/অ/অ_20260711_215153_8dj6mi.mp4,2026-07-11T15:51:53.722Z,570
20260711_215210_14cuph,user4,অ,True,output/user4/অ/অ_20260711_215210_14cuph.json,output/user4/অ/অ_20260711_215210_14cuph.png,output/user4/অ/অ_20260711_215210_14cuph.mp4,2026-07-11T15:52:10.848Z,840
20260711_215224_s1nefb,user4,অ,True,output/user4/অ/অ_20260711_215224_s1nefb.json,output/user4/অ/অ_20260711_215224_s1nefb.png,output/user4/অ/অ_20260711_215224_s1nefb.mp4,2026-07-11T15:52:24.742Z,576
20260711_211553_8q738s,user4,আ,True,output/user4/আ/আ_20260711_211553_8q738s.json,output/user4/আ/আ_20260711_211553_8q738s.png,output/user4/আ/আ_20260711_211553_8q738s.mp4,2026-07-11T15:15:53.117Z,655
20260711_215326_rdw0i7,user4,আ,True,output/user4/আ/আ_20260711_215326_rdw0i7.json,output/user4/আ/আ_20260711_215326_rdw0i7.png,output/user4/আ/আ_20260711_215326_rdw0i7.mp4,2026-07-11T15:53:26.454Z,875
20260711_215355_gtir0d,user4,আ,True,output/user4/আ/আ_20260711_215355_gtir0d.json,output/user4/আ/আ_20260711_215355_gtir0d.png,output/user4/আ/আ_20260711_215355_gtir0d.mp4,2026-07-11T15:53:55.047Z,760
20260711_215413_4z3pac,user4,আ,True,output/user4/আ/আ_20260711_215413_4z3pac.json,output/user4/আ/আ_20260711_215413_4z3pac.png,output/user4/আ/আ_20260711_215413_4z3pac.mp4,2026-07-11T15:54:13.989Z,732
20260711_215505_noe4fp,user4,আ,True,output/user4/আ/আ_20260711_215505_noe4fp.json,output/user4/আ/আ_20260711_215505_noe4fp.png,output/user4/আ/আ_20260711_215505_noe4fp.mp4,2026-07-11T15:55:05.229Z,840
20260711_215527_oaoi6c,user4,আ,True,output/user4/আ/আ_20260711_215527_oaoi6c.json,output/user4/আ/আ_20260711_215527_oaoi6c.png,output/user4/আ/আ_20260711_215527_oaoi6c.mp4,2026-07-11T15:55:27.756Z,1234
20260711_215554_41w3p4,user4,আ,True,output/user4/আ/আ_20260711_215554_41w3p4.json,output/user4/আ/আ_20260711_215554_41w3p4.png,output/user4/আ/আ_20260711_215554_41w3p4.mp4,2026-07-11T15:55:54.029Z,1344
20260711_215623_q6sua3,user4,আ,True,output/user4/আ/আ_20260711_215623_q6sua3.json,output/user4/আ/আ_20260711_215623_q6sua3.png,output/user4/আ/আ_20260711_215623_q6sua3.mp4,2026-07-11T15:56:23.203Z,828
20260711_215646_y25z4x,user4,আ,True,output/user4/আ/আ_20260711_215646_y25z4x.json,output/user4/আ/আ_20260711_215646_y25z4x.png,output/user4/আ/আ_20260711_215646_y25z4x.mp4,2026-07-11T15:56:46.439Z,818
20260711_215701_i0we24,user4,আ,True,output/user4/আ/আ_20260711_215701_i0we24.json,output/user4/আ/আ_20260711_215701_i0we24.png,output/user4/আ/আ_20260711_215701_i0we24.mp4,2026-07-11T15:57:01.697Z,682
20260711_215719_fym8k2,user4,আ,True,output/user4/আ/আ_20260711_215719_fym8k2.json,output/user4/আ/আ_20260711_215719_fym8k2.png,output/user4/আ/আ_20260711_215719_fym8k2.mp4,2026-07-11T15:57:19.563Z,928
20260711_215732_e3wli4,user4,আ,True,output/user4/আ/আ_20260711_215732_e3wli4.json,output/user4/আ/আ_20260711_215732_e3wli4.png,output/user4/আ/আ_20260711_215732_e3wli4.mp4,2026-07-11T15:57:32.879Z,585
20260711_215746_pw5glc,user4,আ,True,output/user4/আ/আ_20260711_215746_pw5glc.json,output/user4/আ/আ_20260711_215746_pw5glc.png,output/user4/আ/আ_20260711_215746_pw5glc.mp4,2026-07-11T15:57:46.710Z,827
20260711_215803_gtb1nz,user4,আ,True,output/user4/আ/আ_20260711_215803_gtb1nz.json,output/user4/আ/আ_20260711_215803_gtb1nz.png,output/user4/আ/আ_20260711_215803_gtb1nz.mp4,2026-07-11T15:58:03.072Z,964
20260711_215826_09me7o,user4,আ,True,output/user4/আ/আ_20260711_215826_09me7o.json,output/user4/আ/আ_20260711_215826_09me7o.png,output/user4/আ/আ_20260711_215826_09me7o.mp4,2026-07-11T15:58:26.604Z,1680
20260711_215850_2a6qfe,user4,আ,True,output/user4/আ/আ_20260711_215850_2a6qfe.json,output/user4/আ/আ_20260711_215850_2a6qfe.png,output/user4/আ/আ_20260711_215850_2a6qfe.mp4,2026-07-11T15:58:50.585Z,1385
20260711_211613_pni7yl,user4,ই,True,output/user4/ই/ই_20260711_211613_pni7yl.json,output/user4/ই/ই_20260711_211613_pni7yl.png,output/user4/ই/ই_20260711_211613_pni7yl.mp4,2026-07-11T15:16:13.617Z,428
20260711_211631_omhqof,user4,ই,True,output/user4/ই/ই_20260711_211631_omhqof.json,output/user4/ই/ই_20260711_211631_omhqof.png,output/user4/ই/ই_20260711_211631_omhqof.mp4,2026-07-11T15:16:31.202Z,474
20260711_215916_5xq3ym,user4,ই,True,output/user4/ই/ই_20260711_215916_5xq3ym.json,output/user4/ই/ই_20260711_215916_5xq3ym.png,output/user4/ই/ই_20260711_215916_5xq3ym.mp4,2026-07-11T15:59:16.067Z,802
20260711_215928_ckxbi5,user4,ই,True,output/user4/ই/ই_20260711_215928_ckxbi5.json,output/user4/ই/ই_20260711_215928_ckxbi5.png,output/user4/ই/ই_20260711_215928_ckxbi5.mp4,2026-07-11T15:59:28.475Z,519
20260711_215945_ovgs11,user4,ই,True,output/user4/ই/ই_20260711_215945_ovgs11.json,output/user4/ই/ই_20260711_215945_ovgs11.png,output/user4/ই/ই_20260711_215945_ovgs11.mp4,2026-07-11T15:59:45.425Z,767
20260711_215959_axw0jl,user4,ই,True,output/user4/ই/ই_20260711_215959_axw0jl.json,output/user4/ই/ই_20260711_215959_axw0jl.png,output/user4/ই/ই_20260711_215959_axw0jl.mp4,2026-07-11T15:59:59.543Z,604
20260711_220013_x16qxh,user4,ই,True,output/user4/ই/ই_20260711_220013_x16qxh.json,output/user4/ই/ই_20260711_220013_x16qxh.png,output/user4/ই/ই_20260711_220013_x16qxh.mp4,2026-07-11T16:00:13.923Z,504
20260711_220027_1j40u6,user4,ই,True,output/user4/ই/ই_20260711_220027_1j40u6.json,output/user4/ই/ই_20260711_220027_1j40u6.png,output/user4/ই/ই_20260711_220027_1j40u6.mp4,2026-07-11T16:00:27.650Z,617
20260711_220043_yyhe4o,user4,ই,True,output/user4/ই/ই_20260711_220043_yyhe4o.json,output/user4/ই/ই_20260711_220043_yyhe4o.png,output/user4/ই/ই_20260711_220043_yyhe4o.mp4,2026-07-11T16:00:43.271Z,685
20260711_220058_6cy90j,user4,ই,True,output/user4/ই/ই_20260711_220058_6cy90j.json,output/user4/ই/ই_20260711_220058_6cy90j.png,output/user4/ই/ই_20260711_220058_6cy90j.mp4,2026-07-11T16:00:58.080Z,694
20260711_220112_94lc88,user4,ই,True,output/user4/ই/ই_20260711_220112_94lc88.json,output/user4/ই/ই_20260711_220112_94lc88.png,output/user4/ই/ই_20260711_220112_94lc88.mp4,2026-07-11T16:01:12.998Z,712
20260711_220132_3b6d70,user4,ই,True,output/user4/ই/ই_20260711_220132_3b6d70.json,output/user4/ই/ই_20260711_220132_3b6d70.png,output/user4/ই/ই_20260711_220132_3b6d70.mp4,2026-07-11T16:01:32.328Z,886
20260711_220151_kjuuzh,user4,ই,True,output/user4/ই/ই_20260711_220151_kjuuzh.json,output/user4/ই/ই_20260711_220151_kjuuzh.png,output/user4/ই/ই_20260711_220151_kjuuzh.mp4,2026-07-11T16:01:51.689Z,568
20260711_220205_cr3boy,user4,ই,True,output/user4/ই/ই_20260711_220205_cr3boy.json,output/user4/ই/ই_20260711_220205_cr3boy.png,output/user4/ই/ই_20260711_220205_cr3boy.mp4,2026-07-11T16:02:05.156Z,649
20260711_220217_85rgxu,user4,ই,True,output/user4/ই/ই_20260711_220217_85rgxu.json,output/user4/ই/ই_20260711_220217_85rgxu.png,output/user4/ই/ই_20260711_220217_85rgxu.mp4,2026-07-11T16:02:17.888Z,412
20260711_220235_4uai7u,user4,ই,True,output/user4/ই/ই_20260711_220235_4uai7u.json,output/user4/ই/ই_20260711_220235_4uai7u.png,output/user4/ই/ই_20260711_220235_4uai7u.mp4,2026-07-11T16:02:35.471Z,578
20260711_220308_e7l7wm,user4,ই,True,output/user4/ই/ই_20260711_220308_e7l7wm.json,output/user4/ই/ই_20260711_220308_e7l7wm.png,output/user4/ই/ই_20260711_220308_e7l7wm.mp4,2026-07-11T16:03:08.513Z,860
20260711_220404_itceug,user4,ঈ,True,output/user4/ঈ/ঈ_20260711_220404_itceug.json,output/user4/ঈ/ঈ_20260711_220404_itceug.png,output/user4/ঈ/ঈ_20260711_220404_itceug.mp4,2026-07-11T16:04:04.111Z,939
20260711_220444_r35mfs,user4,ঈ,True,output/user4/ঈ/ঈ_20260711_220444_r35mfs.json,output/user4/ঈ/ঈ_20260711_220444_r35mfs.png,output/user4/ঈ/ঈ_20260711_220444_r35mfs.mp4,2026-07-11T16:04:44.146Z,784
20260711_220519_ila5ji,user4,ঈ,True,output/user4/ঈ/ঈ_20260711_220519_ila5ji.json,output/user4/ঈ/ঈ_20260711_220519_ila5ji.png,output/user4/ঈ/ঈ_20260711_220519_ila5ji.mp4,2026-07-11T16:05:19.321Z,973
20260711_220543_7o5bd0,user4,ঈ,True,output/user4/ঈ/ঈ_20260711_220543_7o5bd0.json,output/user4/ঈ/ঈ_20260711_220543_7o5bd0.png,output/user4/ঈ/ঈ_20260711_220543_7o5bd0.mp4,2026-07-11T16:05:43.470Z,1129
20260711_220606_essesa,user4,ঈ,True,output/user4/ঈ/ঈ_20260711_220606_essesa.json,output/user4/ঈ/ঈ_20260711_220606_essesa.png,output/user4/ঈ/ঈ_20260711_220606_essesa.mp4,2026-07-11T16:06:06.936Z,782
20260711_220641_ufswp1,user4,ঈ,True,output/user4/ঈ/ঈ_20260711_220641_ufswp1.json,output/user4/ঈ/ঈ_20260711_220641_ufswp1.png,output/user4/ঈ/ঈ_20260711_220641_ufswp1.mp4,2026-07-11T16:06:41.236Z,940
20260711_220701_y1rftt,user4,ঈ,True,output/user4/ঈ/ঈ_20260711_220701_y1rftt.json,output/user4/ঈ/ঈ_20260711_220701_y1rftt.png,output/user4/ঈ/ঈ_20260711_220701_y1rftt.mp4,2026-07-11T16:07:01.071Z,881
20260711_220721_h9k2mi,user4,ঈ,True,output/user4/ঈ/ঈ_20260711_220721_h9k2mi.json,output/user4/ঈ/ঈ_20260711_220721_h9k2mi.png,output/user4/ঈ/ঈ_20260711_220721_h9k2mi.mp4,2026-07-11T16:07:21.353Z,1044
20260711_220738_j2qzn6,user4,ঈ,True,output/user4/ঈ/ঈ_20260711_220738_j2qzn6.json,output/user4/ঈ/ঈ_20260711_220738_j2qzn6.png,output/user4/ঈ/ঈ_20260711_220738_j2qzn6.mp4,2026-07-11T16:07:38.461Z,1040
20260711_220751_axw80l,user4,ঈ,True,output/user4/ঈ/ঈ_20260711_220751_axw80l.json,output/user4/ঈ/ঈ_20260711_220751_axw80l.png,output/user4/ঈ/ঈ_20260711_220751_axw80l.mp4,2026-07-11T16:07:51.851Z,659
20260711_220807_mldxj2,user4,ঈ,True,output/user4/ঈ/ঈ_20260711_220807_mldxj2.json,output/user4/ঈ/ঈ_20260711_220807_mldxj2.png,output/user4/ঈ/ঈ_20260711_220807_mldxj2.mp4,2026-07-11T16:08:07.321Z,776
20260711_220822_wgaxvc,user4,ঈ,True,output/user4/ঈ/ঈ_20260711_220822_wgaxvc.json,output/user4/ঈ/ঈ_20260711_220822_wgaxvc.png,output/user4/ঈ/ঈ_20260711_220822_wgaxvc.mp4,2026-07-11T16:08:22.237Z,802
20260711_220837_dby4gx,user4,ঈ,True,output/user4/ঈ/ঈ_20260711_220837_dby4gx.json,output/user4/ঈ/ঈ_20260711_220837_dby4gx.png,output/user4/ঈ/ঈ_20260711_220837_dby4gx.mp4,2026-07-11T16:08:37.425Z,757
20260711_220850_xo5kch,user4,ঈ,True,output/user4/ঈ/ঈ_20260711_220850_xo5kch.json,output/user4/ঈ/ঈ_20260711_220850_xo5kch.png,output/user4/ঈ/ঈ_20260711_220850_xo5kch.mp4,2026-07-11T16:08:50.437Z,660
20260711_220906_ehc737,user4,ঈ,True,output/user4/ঈ/ঈ_20260711_220906_ehc737.json,output/user4/ঈ/ঈ_20260711_220906_ehc737.png,output/user4/ঈ/ঈ_20260711_220906_ehc737.mp4,2026-07-11T16:09:06.720Z,811
20260711_212007_ir5oy0,user5,অ,True,output/user5/অ/অ_20260711_212007_ir5oy0.json,,output/user5/অ/অ_20260711_212007_ir5oy0.mp4,2026-07-11T15:20:07.536Z,218
20260711_212041_5epna1,user5,আ,True,output/user5/আ/আ_20260711_212041_5epna1.json,,output/user5/আ/আ_20260711_212041_5epna1.mp4,2026-07-11T15:20:41.282Z,430
20260711_212113_u1rqpt,user5,ই,True,output/user5/ই/ই_20260711_212113_u1rqpt.json,,output/user5/ই/ই_20260711_212113_u1rqpt.mp4,2026-07-11T15:21:13.672Z,192
20260711_212139_uwdx5l,user5,ঈ,True,output/user5/ঈ/ঈ_20260711_212139_uwdx5l.json,,output/user5/ঈ/ঈ_20260711_212139_uwdx5l.mp4,2026-07-11T15:21:39.223Z,256
